https://github.com/android/architecture-samples.git;architecture-samples;Kotlin;12241;50;21;691;0;0;0;0
https://github.com/JetBrains/kotlin.git;kotlin;Kotlin;852535;309;2822;70298;149;0;0;0
https://github.com/shadowsocks/shadowsocks-android.git;shadowsocks-android;Kotlin;52872;39;4;3510;168;0;0;0
https://github.com/square/leakcanary.git;leakcanary;Kotlin;91836;99;155;1468;25;0;0;0
https://github.com/alibaba/p3c.git;p3c;Kotlin;24396;31;4;265;0;0;0;0
https://github.com/google/iosched.git;iosched;Kotlin;55963;56;2;2747;2;0;0;0
https://github.com/android/architecture-components-samples.git;architecture-components-samples;Kotlin;21114;57;20;503;0;0;0;0
https://github.com/afollestad/material-dialogs.git;material-dialogs;Kotlin;265813;94;1;2028;92;0;0;0
https://github.com/google/flexbox-layout.git;flexbox-layout;Kotlin;49303;29;4;367;24;0;0;0
https://github.com/Kotlin/anko.git;anko;Kotlin;15239;69;19;1064;26;0;0;0
https://github.com/android/plaid.git;plaid;Kotlin;33949;65;22;1277;0;0;0;0
https://github.com/android/sunflower.git;sunflower;Kotlin;7798;46;8;446;7;0;0;0
https://github.com/android/uamp.git;uamp;Kotlin;9114;34;17;413;3;0;0;0
https://github.com/mikepenz/MaterialDrawer.git;MaterialDrawer;Kotlin;22695;99;41;2349;215;0;0;0
https://github.com/Tamsiree/RxTool.git;RxTool;Kotlin;108372;5;1;796;189;0;0;0
https://github.com/wasabeef/recyclerview-animators.git;recyclerview-animators;Kotlin;67746;29;4;294;0;0;0;0
https://github.com/JakeWharton/RxBinding.git;RxBinding;Kotlin;1815;40;5;588;4;0;0;0
https://github.com/AppIntro/AppIntro.git;AppIntro;Kotlin;39404;99;5;833;12;0;0;0
https://github.com/KotlinBy/awesome-kotlin.git;awesome-kotlin;Kotlin;12131;254;2;1194;0;0;0;0
https://github.com/inorichi/tachiyomi.git;tachiyomi;Kotlin;19661;95;2;2798;48;0;0;0
https://github.com/JakeWharton/timber.git;timber;Kotlin;1290;42;4;404;5;0;0;0
https://github.com/Kotlin/kotlinx.coroutines.git;kotlinx.coroutines;Kotlin;18970;153;92;2149;71;0;0;0
https://github.com/ktorio/ktor.git;ktor;Kotlin;15980;153;82;3679;29;0;0;0
https://github.com/square/okio.git;okio;Kotlin;5200;46;20;1010;0;0;0;0
https://github.com/2dust/v2rayNG.git;v2rayNG;Kotlin;147686;7;1;128;55;0;0;0
https://github.com/JetBrains/kotlin-native.git;kotlin-native;Kotlin;87887;122;382;6530;35;0;0;1
https://github.com/YiiGuxing/TranslationPlugin.git;TranslationPlugin;Kotlin;11579;4;6;1443;47;0;0;0
https://github.com/sourcerer-io/sourcerer-app.git;sourcerer-app;Kotlin;6905;20;15;310;6;0;0;0
https://github.com/ReactiveX/RxKotlin.git;RxKotlin;Kotlin;635;47;12;264;31;0;0;0
https://github.com/InsertKoinIO/koin.git;koin;Kotlin;40045;101;4;1747;0;0;0;0
https://github.com/zetbaitsu/Compressor.git;Compressor;Kotlin;897;10;2;86;1;0;0;0
https://github.com/android/topeka.git;topeka;Kotlin;14996;21;4;247;6;0;0;0
https://github.com/JetBrains/ideavim.git;ideavim;Kotlin;20983;73;7;3525;0;0;0;0
https://github.com/Tapadoo/Alerter.git;Alerter;Kotlin;35913;27;2;404;0;0;0;0
https://github.com/drakeet/MultiType.git;MultiType;Kotlin;8592;8;2;366;35;0;0;0
https://github.com/coil-kt/coil.git;coil;Kotlin;54621;26;8;593;19;0;0;0
https://github.com/agrosner/DBFlow.git;DBFlow;Kotlin;8937;53;12;2704;32;0;0;0
https://github.com/mikepenz/Android-Iconics.git;Android-Iconics;Kotlin;11569;39;29;1064;103;0;0;0
https://github.com/JetBrains/Exposed.git;Exposed;Kotlin;12462;100;5;1702;8;0;0;0
https://github.com/diogobernardino/williamchart.git;williamchart;Kotlin;971;4;4;385;9;0;0;0
https://github.com/tipsy/javalin.git;javalin;Kotlin;2395;107;6;1261;0;0;0;0
https://github.com/mozilla-mobile/fenix.git;fenix;Kotlin;48688;173;17;5321;154;0;0;0
https://github.com/dbacinski/Design-Patterns-In-Kotlin.git;Design-Patterns-In-Kotlin;Kotlin;234;14;4;164;0;0;0;0
https://github.com/romannurik/muzei.git;muzei;Kotlin;326741;26;3;2592;22;0;0;0
https://github.com/igorwojda/android-showcase.git;android-showcase;Kotlin;6259;8;1;418;0;0;0;0
https://github.com/mamoe/mirai.git;mirai;Kotlin;48481;39;7;4119;92;0;0;0
https://github.com/ssseasonnn/RxDownload.git;RxDownload;Kotlin;6853;6;2;593;0;0;0;0
https://github.com/airbnb/MvRx.git;MvRx;Kotlin;37967;30;41;265;12;0;0;0
https://github.com/pinterest/ktlint.git;ktlint;Kotlin;2345;78;5;1011;69;0;0;0
https://github.com/android/compose-samples.git;compose-samples;Kotlin;88953;23;5;547;7;0;0;0
https://github.com/Yalantis/Context-Menu.Android.git;Context-Menu.Android;Kotlin;4564;8;4;208;11;0;0;0
https://github.com/kittinunf/fuel.git;fuel;Kotlin;2121;76;5;740;46;0;0;0
https://github.com/enbandari/Kotlin-Tutorials.git;Kotlin-Tutorials;Kotlin;10488;2;1;126;0;0;0;0
https://github.com/RedApparat/Fotoapparat.git;Fotoapparat;Kotlin;1398;24;2;630;21;0;0;0
https://github.com/cashapp/sqldelight.git;sqldelight;Kotlin;47295;83;17;1649;22;0;0;0
https://github.com/sharish/ShimmerRecyclerView.git;ShimmerRecyclerView;Kotlin;2422;7;3;58;5;0;0;0
https://github.com/mockk/mockk.git;mockk;Kotlin;12499;43;10;1415;65;0;0;0
https://github.com/corda/corda.git;corda;Kotlin;250701;185;261;9195;15;0;0;0
https://github.com/izhangzhihao/intellij-rainbow-brackets.git;intellij-rainbow-brackets;Kotlin;3742;11;6;676;82;0;0;0
https://github.com/skydoves/Pokedex.git;Pokedex;Kotlin;13584;7;1;121;4;0;0;0
https://github.com/bufferapp/android-clean-architecture-boilerplate.git;android-clean-architecture-boilerplate;Kotlin;3609;9;1;65;0;0;0;0
https://github.com/square/wire.git;wire;Kotlin;15267;63;10;2904;1;0;0;0
https://github.com/vipulasri/Timeline-View.git;Timeline-View;Kotlin;20811;7;2;119;11;0;0;0
https://github.com/git-xuhao/KotlinMvp.git;KotlinMvp;Kotlin;23627;2;1;119;5;0;0;0
https://github.com/chrisbanes/tivi.git;tivi;Kotlin;15132;25;9;2538;13;0;0;0
https://github.com/Triple-T/gradle-play-publisher.git;gradle-play-publisher;Kotlin;3605;38;2;721;46;0;0;0
https://github.com/intellij-rust/intellij-rust.git;intellij-rust;Kotlin;32371;135;109;10127;0;0;0;0
https://github.com/alibaba/transmittable-thread-local.git;transmittable-thread-local;Kotlin;3611;14;17;684;40;0;0;0
https://github.com/gradle/kotlin-dsl-samples.git;kotlin-dsl-samples;Kotlin;8220;26;12;3551;47;0;0;0
https://github.com/detekt/detekt.git;detekt;Kotlin;12986;141;10;3346;74;0;0;0
https://github.com/mikepenz/FastAdapter.git;FastAdapter;Kotlin;19483;47;82;1787;146;0;0;0
https://github.com/edvin/tornadofx.git;tornadofx;Kotlin;4269;76;8;2814;48;0;0;0
https://github.com/didi/booster.git;booster;Kotlin;10272;4;3;446;71;0;0;0
https://github.com/moezbhatti/qksms.git;qksms;Kotlin;14369;51;7;2239;101;0;0;0
https://github.com/Kotlin/kotlin-examples.git;kotlin-examples;Kotlin;1661;28;8;244;0;0;0;0
https://github.com/KeepSafe/dexcount-gradle-plugin.git;dexcount-gradle-plugin;Kotlin;3656;23;4;403;15;0;0;0
https://github.com/android10/Android-CleanArchitecture-Kotlin.git;Android-CleanArchitecture-Kotlin;Kotlin;776;6;1;270;0;0;0;0
https://github.com/TakuSemba/Spotlight.git;Spotlight;Kotlin;2014;9;1;241;0;0;0;0
https://github.com/worker8/TourGuide.git;TourGuide;Kotlin;595;14;5;190;2;0;0;0
https://github.com/kotest/kotest.git;kotest;Kotlin;11521;179;21;2817;19;0;0;0
https://github.com/mikepenz/AboutLibraries.git;AboutLibraries;Kotlin;8512;95;26;1619;144;0;0;0
https://github.com/antoniolg/Kotlin-for-Android-Developers.git;Kotlin-for-Android-Developers;Kotlin;505;1;27;24;0;0;0;0
https://github.com/Kotlin/kotlin-koans.git;kotlin-koans;Kotlin;6693;44;3;228;0;0;0;0
https://github.com/Kotlin/kotlinx.serialization.git;kotlinx.serialization;Kotlin;5647;67;33;794;4;0;0;0
https://github.com/liujingxing/okhttp-RxHttp.git;okhttp-RxHttp;Kotlin;8810;1;8;913;2;0;0;0
https://github.com/JetBrains/kotlinconf-app.git;kotlinconf-app;Kotlin;10734;15;9;184;0;0;0;0
https://github.com/square/kotlinpoet.git;kotlinpoet;Kotlin;9698;99;11;1725;0;0;0;0
https://github.com/Kodein-Framework/Kodein-DI.git;Kodein-DI;Kotlin;5182;33;19;766;2;0;0;0
https://github.com/nhaarman/mockito-kotlin.git;mockito-kotlin;Kotlin;463;24;4;360;37;0;0;0
https://github.com/ToxicBakery/ViewPagerTransforms.git;ViewPagerTransforms;Kotlin;1387;8;2;96;5;0;0;0
https://github.com/gotev/android-upload-service.git;android-upload-service;Kotlin;16124;21;2;724;40;0;0;0
https://github.com/Tinder/Scarlet.git;Scarlet;Kotlin;1444;15;11;135;18;0;0;0
https://github.com/MikeOrtiz/TouchImageView.git;TouchImageView;Kotlin;5094;18;5;333;0;0;0;0
https://github.com/zagum/Android-SwitchIcon.git;Android-SwitchIcon;Kotlin;474;3;1;59;13;0;0;0
https://github.com/SusionSuc/AdvancedAndroid.git;AdvancedAndroid;Kotlin;57955;1;1;314;0;0;0;0
https://github.com/DroidNinja/Android-FilePicker.git;Android-FilePicker;Kotlin;522;11;3;124;0;0;0;0
https://github.com/JakeWharton/kotterknife.git;kotterknife;Kotlin;614;14;1;85;0;0;0;0
https://github.com/android/camera-samples.git;camera-samples;Kotlin;22076;21;5;107;0;0;0;0
https://github.com/SimpleMobileTools/Simple-Calendar.git;Simple-Calendar;Kotlin;33133;102;1;4107;184;0;0;0
https://github.com/kizitonwose/CalendarView.git;CalendarView;Kotlin;3067;9;2;423;25;0;0;0
https://github.com/TwidereProject/Twidere-Android.git;Twidere-Android;Kotlin;126861;32;4;3180;304;0;0;0
https://github.com/TonicArtos/SuperSLiM.git;SuperSLiM;Kotlin;1325;1;8;177;22;0;0;0
https://github.com/lapism/search.git;search;Kotlin;74;1;1;23;0;0;0;0
https://github.com/terrakok/Cicerone.git;Cicerone;Kotlin;5395;12;1;249;15;0;0;0
https://github.com/afollestad/aesthetic.git;aesthetic;Kotlin;45804;6;1;314;21;0;0;0
https://github.com/corona-warn-app/cwa-app-android.git;cwa-app-android;Kotlin;10110;64;40;767;64;0;0;0
https://github.com/garretyoder/Colorful.git;Colorful;Kotlin;708;2;2;61;23;0;0;0
https://github.com/TakuSemba/MultiSnapRecyclerView.git;MultiSnapRecyclerView;Kotlin;48708;2;1;153;0;0;0;0
https://github.com/fossasia/susi_android.git;susi_android;Kotlin;119011;141;4;1284;3;0;0;0
https://github.com/dev-labs-bg/transitioner.git;transitioner;Kotlin;22367;1;1;36;1;0;0;0
https://github.com/spekframework/spek.git;spek;Kotlin;16097;63;20;859;28;0;0;0
https://github.com/caiyonglong/MusicLake.git;MusicLake;Kotlin;62674;3;4;499;19;0;0;0
https://github.com/tommybuonomo/dotsindicator.git;dotsindicator;Kotlin;306;3;4;122;0;0;0;0
https://github.com/PierfrancescoSoffritti/android-youtube-player.git;android-youtube-player;Kotlin;58931;17;4;537;61;0;0;0
https://github.com/DanielMartinus/Konfetti.git;Konfetti;Kotlin;4357;11;5;390;12;0;0;0
https://github.com/pbreault/adb-idea.git;adb-idea;Kotlin;1153;6;1;154;25;0;0;0
https://github.com/guolindev/coolweatherjetpack.git;coolweatherjetpack;Kotlin;1418;2;1;24;0;0;0;0
https://github.com/dropbox/Store.git;Store;Kotlin;3464;67;42;526;0;0;0;0
https://github.com/wuseal/JsonToKotlinClass.git;JsonToKotlinClass;Kotlin;6630;20;6;580;50;0;0;0
https://github.com/JakeWharton/retrofit2-kotlin-coroutines-adapter.git;retrofit2-kotlin-coroutines-adapter;Kotlin;133;6;2;28;0;0;0;0
https://github.com/JakeWharton/SdkSearch.git;SdkSearch;Kotlin;4644;18;9;958;0;0;0;0
https://github.com/yairm210/Unciv.git;Unciv;Kotlin;315209;134;7;4408;156;0;0;0
https://github.com/ingbyr/VDM.git;VDM;Kotlin;8761;2;3;301;11;0;0;0
https://github.com/antoniolg/Bandhook-Kotlin.git;Bandhook-Kotlin;Kotlin;5483;8;2;107;0;0;0;0
https://github.com/Kotlin/dokka.git;dokka;Kotlin;455506;60;236;2403;28;0;0;0
https://github.com/Ccixyj/JBusDriver.git;JBusDriver;Kotlin;12329;1;5;584;29;0;0;0
https://github.com/saket/InboxRecyclerView.git;InboxRecyclerView;Kotlin;136443;6;2;269;9;0;0;0
https://github.com/blokadaorg/blokada.git;blokada;Kotlin;28140;28;10;795;49;0;0;0
https://github.com/afollestad/drag-select-recyclerview.git;drag-select-recyclerview;Kotlin;29351;4;1;132;19;0;0;0
https://github.com/lopspower/CircularImageView.git;CircularImageView;Kotlin;5141;3;1;144;9;0;0;0
https://github.com/Szaki/XiaomiADBFastbootTools.git;XiaomiADBFastbootTools;Kotlin;10744;7;1;338;61;0;0;0
https://github.com/orgzly/orgzly-android.git;orgzly-android;Kotlin;31927;30;1;2000;100;0;0;0
https://github.com/CypherpunkArmory/UserLAnd.git;UserLAnd;Kotlin;4674;23;13;1090;42;0;0;0
https://github.com/iielse/imageviewer.git;imageviewer;Kotlin;27607;2;3;199;21;0;0;0
https://github.com/Gh0u1L5/WechatMagician.git;WechatMagician;Kotlin;16755;3;1;757;19;0;0;0
https://github.com/byoutline/kickmaterial.git;kickmaterial;Kotlin;39656;6;2;194;0;0;0;0
https://github.com/anthonycr/Lightning-Browser.git;Lightning-Browser;Kotlin;14745;67;3;2125;15;0;0;0
https://github.com/aritraroy/Flashbar.git;Flashbar;Kotlin;1825;4;2;78;3;0;0;0
https://github.com/material-components/material-components-android-examples.git;material-components-android-examples;Kotlin;128678;14;7;171;0;0;0;0
https://github.com/westnordost/StreetComplete.git;StreetComplete;Kotlin;212475;56;15;3426;114;0;0;0
https://github.com/fossasia/open-event-attendee-android.git;open-event-attendee-android;Kotlin;115127;61;5;1357;13;0;0;0
https://github.com/duckduckgo/Android.git;Android;Kotlin;25523;40;24;1268;154;0;0;0
https://github.com/android-password-store/Android-Password-Store.git;Android-Password-Store;Kotlin;115035;77;4;1566;49;0;0;0
https://github.com/Yalantis/SearchFilter.git;SearchFilter;Kotlin;5675;3;3;23;3;0;0;0
https://github.com/android/play-billing-samples.git;play-billing-samples;Kotlin;5685;24;7;166;0;0;0;0
https://github.com/SumiMakito/AwesomeQRCode.git;AwesomeQRCode;Kotlin;14764;1;2;84;8;0;0;0
https://github.com/nekocode/create-android-kotlin-app.git;create-android-kotlin-app;Kotlin;580;2;3;48;5;0;0;0
https://github.com/gedoor/legado.git;legado;Kotlin;13293;21;6;6322;69;0;0;0
https://github.com/LRH1993/Eyepetizer-in-Kotlin.git;Eyepetizer-in-Kotlin;Kotlin;12227;1;1;55;0;0;0;0
https://github.com/mozilla-mobile/android-components.git;android-components;Kotlin;73554;148;35;8208;211;0;0;0
https://github.com/SimpleMobileTools/Simple-Gallery.git;Simple-Gallery;Kotlin;76115;112;2;6330;306;0;0;0
https://github.com/jkwiecien/EasyImage.git;EasyImage;Kotlin;370;20;3;228;36;0;0;0
https://github.com/http4k/http4k.git;http4k;Kotlin;15566;71;10;4701;10;0;0;0
https://github.com/githubwing/GankClient-Kotlin.git;GankClient-Kotlin;Kotlin;3263;1;1;46;0;0;0;0
https://github.com/PatilShreyas/Foodium.git;Foodium;Kotlin;19280;5;3;98;1;0;0;0
https://github.com/ZacSweers/CatchUp.git;CatchUp;Kotlin;14705;12;31;1700;6;0;0;0
https://github.com/klinker24/Android-TextView-LinkBuilder.git;Android-TextView-LinkBuilder;Kotlin;542;13;1;116;3;0;0;0
https://github.com/faruktoptas/FancyShowCaseView.git;FancyShowCaseView;Kotlin;4584;28;5;236;27;0;0;0
https://github.com/VMadalin/android-modular-architecture.git;android-modular-architecture;Kotlin;100084;1;3;280;0;0;0;0
https://github.com/orbit/orbit.git;orbit;Kotlin;6689;4;2;510;190;0;0;0
https://github.com/cbeust/klaxon.git;klaxon;Kotlin;8776;38;3;795;0;0;0;0
https://github.com/leandroBorgesFerreira/LoadingButtonAndroid.git;LoadingButtonAndroid;Kotlin;19573;19;5;296;25;0;0;0
https://github.com/skydoves/Balloon.git;Balloon;Kotlin;897;10;1;235;25;0;0;0
https://github.com/yshrsmz/KeyboardVisibilityEvent.git;KeyboardVisibilityEvent;Kotlin;372;8;1;132;2;0;0;0
https://github.com/Gh0u1L5/WechatSpellbook.git;WechatSpellbook;Kotlin;441421;0;1;103;0;0;0;0
https://github.com/airbnb/paris.git;paris;Kotlin;1334;16;2;432;10;0;0;0
https://github.com/Yalantis/JellyToolbar.git;JellyToolbar;Kotlin;594;1;2;20;1;0;0;0
https://github.com/ChuckerTeam/chucker.git;chucker;Kotlin;36697;33;6;585;7;0;0;0
https://github.com/stfalcon-studio/StfalconImageViewer.git;StfalconImageViewer;Kotlin;9960;4;1;40;0;0;0;0
https://github.com/LouisCAD/Splitties.git;Splitties;Kotlin;5218;5;9;2052;25;0;0;0
https://github.com/fossasia/badge-magic-android.git;badge-magic-android;Kotlin;30912;26;5;441;8;0;0;0
https://github.com/holgerbrandl/kscript.git;kscript;Kotlin;1144;35;4;511;28;0;0;0
https://github.com/heimashi/kotlin_tips.git;kotlin_tips;Kotlin;282;4;1;59;0;0;0;0
https://github.com/ingokegel/jclasslib.git;jclasslib;Kotlin;11000;5;6;1106;18;0;0;0
https://github.com/KieronQuinn/TapTap.git;TapTap;Kotlin;5888;22;18;237;12;0;0;0
https://github.com/PaulWoitaschek/Voice.git;Voice;Kotlin;108028;21;6;4051;134;0;0;0
https://github.com/eycorsican/kitsunebi-android.git;kitsunebi-android;Kotlin;106267;1;2;112;23;0;0;0
https://github.com/sephiroth74/Material-BottomNavigation.git;Material-BottomNavigation;Kotlin;97146;3;9;313;1;0;0;0
https://github.com/devzwy/open_nsfw_android.git;open_nsfw_android;Kotlin;153830;1;2;118;11;0;0;0
https://github.com/Yalantis/Multi-Selection.git;Multi-Selection;Kotlin;6814;3;2;9;0;0;0;0
https://github.com/loopeer/shadow.git;shadow;Kotlin;25738;4;1;52;1;0;0;0
https://github.com/DroidKaigi/conference-app-2018.git;conference-app-2018;Kotlin;5970;131;11;1759;8;0;0;0
https://github.com/qingmei2/MVVM-Architecture.git;MVVM-Architecture;Kotlin;2469;3;6;287;0;0;0;0
https://github.com/sanogueralorenzo/Android-Kotlin-Clean-Architecture.git;Android-Kotlin-Clean-Architecture;Kotlin;1954;1;2;214;0;0;0;0
https://github.com/ncapdevi/FragNav.git;FragNav;Kotlin;2743;20;23;461;23;0;0;0
https://github.com/Ramotion/fluid-slider-android.git;fluid-slider-android;Kotlin;7495;9;3;152;0;0;0;0
https://github.com/princekin-f/EasyFloat.git;EasyFloat;Kotlin;20095;2;1;47;27;0;0;0
https://github.com/LukasLechnerDev/Kotlin-Coroutine-Use-Cases-on-Android.git;Kotlin-Coroutine-Use-Cases-on-Android;Kotlin;1839;2;4;140;0;0;0;0
https://github.com/YTVanced/VancedManager.git;VancedManager;Kotlin;10119;11;3;1420;7;0;0;0
https://github.com/ajalt/clikt.git;clikt;Kotlin;11958;27;2;478;19;0;0;0
https://github.com/igalata/Bubble-Picker.git;Bubble-Picker;Kotlin;14370;5;3;40;8;0;0;0
https://github.com/Tencent/bk-ci.git;bk-ci;Kotlin;121005;36;3;5012;15;0;0;0
https://github.com/saket/cascade.git;cascade;Kotlin;1341;3;1;50;2;0;0;0
https://github.com/tasks/tasks.git;tasks;Kotlin;109805;95;6;9617;170;0;0;0
https://github.com/android/databinding-samples.git;databinding-samples;Kotlin;427;2;6;18;0;0;0;0
https://github.com/jaredrummler/Cyanea.git;Cyanea;Kotlin;7334;4;2;308;0;0;0;0
https://github.com/MicroUtils/kotlin-logging.git;kotlin-logging;Kotlin;496;20;5;442;40;0;0;0
https://github.com/wching/Android-Indefinite-Pager-Indicator.git;Android-Indefinite-Pager-Indicator;Kotlin;34414;5;1;152;4;0;0;0
https://github.com/nickbutcher/AdaptiveIconPlayground.git;AdaptiveIconPlayground;Kotlin;16265;2;1;13;1;0;0;0
https://github.com/cashapp/contour.git;contour;Kotlin;3185;11;3;167;0;0;0;0
https://github.com/bufferapp/clean-architecture-components-boilerplate.git;clean-architecture-components-boilerplate;Kotlin;4659;9;1;78;0;0;0;0
https://github.com/xdtianyu/CallerInfo.git;CallerInfo;Kotlin;3366;3;12;762;67;0;0;0
https://github.com/EmmyLua/IntelliJ-EmmyLua.git;IntelliJ-EmmyLua;Kotlin;24716;21;8;2828;15;0;0;0
https://github.com/AdevintaSpain/Barista.git;Barista;Kotlin;1172;36;4;330;43;0;0;0
https://github.com/Tinder/StateMachine.git;StateMachine;Kotlin;227;6;2;29;4;0;0;0
https://github.com/JakeWharton/diffuse.git;diffuse;Kotlin;3068;10;1;390;1;0;0;0
https://github.com/nikhilpanju/FabFilter.git;FabFilter;Kotlin;9950;1;2;23;0;0;0;0
https://github.com/sephiroth74/android-target-tooltip.git;android-target-tooltip;Kotlin;11543;6;3;272;5;0;0;0
https://github.com/Kotlin/kotlin-fullstack-sample.git;kotlin-fullstack-sample;Kotlin;202;11;3;55;0;0;0;0
https://github.com/VREMSoftwareDevelopment/WiFiAnalyzer.git;WiFiAnalyzer;Kotlin;22246;33;2;1549;17;0;0;0
https://github.com/saket/press.git;press;Kotlin;4714;10;7;860;6;0;0;0
https://github.com/Kennyc1012/MultiStateView.git;MultiStateView;Kotlin;303;6;1;77;12;0;0;0
https://github.com/skydoves/TransformationLayout.git;TransformationLayout;Kotlin;38655;3;1;73;7;0;0;0
https://github.com/TonnyL/PaperPlane.git;PaperPlane;Kotlin;17162;2;1;246;2;0;0;0
https://github.com/robertlevonyan/materialChipView.git;materialChipView;Kotlin;1052;4;2;88;0;0;0;0
https://github.com/iceCola7/WanAndroid.git;WanAndroid;Kotlin;73204;1;2;384;15;0;0;0
https://github.com/zhengcx/MethodTraceMan.git;MethodTraceMan;Kotlin;3773;3;1;90;10;0;0;0
https://github.com/lopspower/CircularProgressBar.git;CircularProgressBar;Kotlin;3365;2;1;88;1;0;0;0
https://github.com/ibrahimsn98/SmoothBottomBar.git;SmoothBottomBar;Kotlin;1674;7;1;70;14;0;0;0
https://github.com/javiersantos/MaterialStyledDialogs.git;MaterialStyledDialogs;Kotlin;5455;8;2;167;24;0;0;0
https://github.com/ihsanbal/LoggingInterceptor.git;LoggingInterceptor;Kotlin;34151;4;5;158;15;0;0;0
https://github.com/nanchen2251/AiYaGirl.git;AiYaGirl;Kotlin;24947;3;4;98;0;0;0;0
https://github.com/wuyr/GoogleLibraryVersionQuerier.git;GoogleLibraryVersionQuerier;Kotlin;9566;1;1;34;6;0;0;0
https://github.com/JetradarMobile/android-snowfall.git;android-snowfall;Kotlin;13899;5;1;41;9;0;0;0
https://github.com/Kunzisoft/KeePassDX.git;KeePassDX;Kotlin;43782;139;3;3858;43;0;0;0
https://github.com/mrcsxsiq/Kotlin-Pokedex.git;Kotlin-Pokedex;Kotlin;13629;6;1;83;4;0;0;0
https://github.com/agoda-com/Kakao.git;Kakao;Kotlin;1264;29;1;473;16;0;0;0
https://github.com/qingmei2/RxImagePicker.git;RxImagePicker;Kotlin;20890;5;5;224;18;0;0;0
https://github.com/hussien89aa/KotlinUdemy.git;KotlinUdemy;Kotlin;2788;1;2;75;0;0;0;0
https://github.com/Kotlin/kotlinx.html.git;kotlinx.html;Kotlin;1582;17;21;632;16;0;0;0
https://github.com/Rogero0o/CatLoadingView.git;CatLoadingView;Kotlin;141;6;2;37;1;0;0;0
https://github.com/alexjlockwood/kyrie.git;kyrie;Kotlin;3195;3;3;193;9;0;0;0
https://github.com/vinaygaba/Learn-Jetpack-Compose-By-Example.git;Learn-Jetpack-Compose-By-Example;Kotlin;90981;10;2;222;0;0;0;0
https://github.com/duanhong169/DrawableToolbox.git;DrawableToolbox;Kotlin;5297;1;1;59;7;0;0;0
https://github.com/alorma/TimelineView.git;TimelineView;Kotlin;330;4;2;120;1;0;0;0
https://github.com/RedMadRobot/input-mask-android.git;input-mask-android;Kotlin;2813;9;3;148;1;0;0;0
https://github.com/vektah/CodeGlance.git;CodeGlance;Kotlin;2129;8;1;156;7;0;0;0
https://github.com/anastr/SpeedView.git;SpeedView;Kotlin;12738;1;1;272;20;0;0;0
https://github.com/naman14/TimberX.git;TimberX;Kotlin;4758;11;3;289;5;0;0;0
https://github.com/CarGuo/GSYGithubAppKotlin.git;GSYGithubAppKotlin;Kotlin;3062;3;2;276;9;0;0;0
https://github.com/jasync-sql/jasync-sql.git;jasync-sql;Kotlin;2879;49;5;1077;50;0;0;0
https://github.com/skydoves/DisneyMotions.git;DisneyMotions;Kotlin;95777;2;1;80;4;0;0;0
https://github.com/Mygod/VPNHotspot.git;VPNHotspot;Kotlin;2328;5;1;1298;93;0;0;0
https://github.com/easyandroidgroup/EasyAndroid.git;EasyAndroid;Kotlin;679;2;1;199;33;0;0;0
https://github.com/h4h13/RetroMusicPlayer.git;RetroMusicPlayer;Kotlin;238617;27;28;1084;12;0;0;0
https://github.com/afollestad/material-cab.git;material-cab;Kotlin;5061;5;1;165;15;0;0;0
https://github.com/qiuxiang/react-native-amap3d.git;react-native-amap3d;Kotlin;1269;9;5;433;33;0;0;0
https://github.com/ImangazalievM/CircleMenu.git;CircleMenu;Kotlin;7684;1;1;54;4;0;0;0
https://github.com/mwolfson/android-historian.git;android-historian;Kotlin;90342;3;3;233;1;0;0;0
https://github.com/HMBSbige/ShadowsocksR-Android.git;ShadowsocksR-Android;Kotlin;52433;35;3;1779;3;0;0;0
https://github.com/Mauker1/MaterialSearchView.git;MaterialSearchView;Kotlin;569;9;8;235;0;0;0;0
https://github.com/blackbbc/Tucao.git;Tucao;Kotlin;36344;1;1;561;15;0;0;0
https://github.com/afollestad/photo-affix.git;photo-affix;Kotlin;50484;2;1;179;18;0;0;0
https://github.com/wuapnjie/PoiShuhui-Kotlin.git;PoiShuhui-Kotlin;Kotlin;1166;1;1;17;0;0;0;0
https://github.com/bitvale/Switcher.git;Switcher;Kotlin;1274;2;1;20;0;0;0;0
https://github.com/WrBug/DeveloperHelper.git;DeveloperHelper;Kotlin;1217;1;2;111;7;0;0;0
https://github.com/tuskyapp/Tusky.git;Tusky;Kotlin;26704;134;11;2855;72;0;0;0
https://github.com/perwendel/spark-kotlin.git;spark-kotlin;Kotlin;118;3;5;40;0;0;0;0
https://github.com/EspoirX/StarrySky.git;StarrySky;Kotlin;65612;3;4;600;14;0;0;0
https://github.com/kizitonwose/Time.git;Time;Kotlin;136;5;2;47;5;0;0;0
https://github.com/vanniktech/gradle-dependency-graph-generator-plugin.git;gradle-dependency-graph-generator-plugin;Kotlin;763;6;2;59;5;0;0;0
https://github.com/inorichi/tachiyomi-extensions.git;tachiyomi-extensions;Kotlin;497865;146;2;1820;0;0;0;0
https://github.com/Hamadakram/Sneaker.git;Sneaker;Kotlin;1281;3;1;34;0;0;0;0
https://github.com/rumboalla/apkupdater.git;apkupdater;Kotlin;2454;1;2;164;52;0;0;0
https://github.com/Gurupreet/ComposeCookBook.git;ComposeCookBook;Kotlin;37589;6;2;100;2;0;0;0
https://github.com/PaperAirplane-Dev-Team/BlackLight.git;BlackLight;Kotlin;16158;13;3;1439;304;0;0;0
https://github.com/Team-Blox/GraphView.git;GraphView;Kotlin;1959;2;2;63;7;0;0;0
https://github.com/shellljx/TagViewGroup.git;TagViewGroup;Kotlin;1982;1;1;59;7;0;0;0
https://github.com/immuni-app/immuni-app-android.git;immuni-app-android;Kotlin;41817;15;7;248;17;0;0;0
https://github.com/iammert/ReadableBottomBar.git;ReadableBottomBar;Kotlin;3558;3;1;17;2;0;0;0
https://github.com/pawegio/KAndroid.git;KAndroid;Kotlin;1383;4;3;211;7;0;0;0
https://github.com/loopeer/code-reader.git;code-reader;Kotlin;16813;7;2;409;9;0;0;0
https://github.com/armcha/Ribble.git;Ribble;Kotlin;13229;1;1;106;1;0;0;0
https://github.com/videolan/vlc-android.git;vlc-android;Kotlin;44902;140;33;14086;0;0;0;0
https://github.com/RocketChat/Rocket.Chat.Android.git;Rocket.Chat.Android;Kotlin;19090;81;7;5095;47;0;0;0
https://github.com/MarioAriasC/funKTionale.git;funKTionale;Kotlin;332;12;4;149;20;0;0;0
https://github.com/mukul500/AnimeXStream.git;AnimeXStream;Kotlin;19565;5;7;52;6;0;0;0
https://github.com/KasperskyLab/Kaspresso.git;Kaspresso;Kotlin;19362;23;6;1272;4;0;0;0
https://github.com/amanjeetsingh150/kotlin-android-examples.git;kotlin-android-examples;Kotlin;38902;7;2;158;0;0;0;0
https://github.com/AndroidDeveloperLB/AutoFitTextView.git;AutoFitTextView;Kotlin;3613;11;1;75;6;0;0;0
https://github.com/bufferapp/android-clean-architecture-mvi-boilerplate.git;android-clean-architecture-mvi-boilerplate;Kotlin;6214;9;1;82;0;0;0;0
https://github.com/gyf-dev/Cactus.git;Cactus;Kotlin;4395;1;2;124;1;0;0;0
https://github.com/TradeMe/MapMe.git;MapMe;Kotlin;801;4;1;55;3;0;0;0
https://github.com/libktx/ktx.git;ktx;Kotlin;3256;22;3;850;26;0;0;0
https://github.com/lyrebirdstudio/Croppy.git;Croppy;Kotlin;21850;7;1;38;2;0;0;0
https://github.com/kiruto/debug-bottle.git;debug-bottle;Kotlin;14405;1;15;274;3;0;0;0
https://github.com/ctodobom/OpenNoteScanner.git;OpenNoteScanner;Kotlin;3347;34;6;293;31;0;0;0
https://github.com/ExpediaGroup/graphql-kotlin.git;graphql-kotlin;Kotlin;4766;43;5;652;124;0;0;0
https://github.com/cortinico/kotlin-android-template.git;kotlin-android-template;Kotlin;180;2;1;25;0;0;0;0
https://github.com/FredJul/Flym.git;Flym;Kotlin;12034;52;3;1766;0;0;0;0
https://github.com/Rabtman/AcgClub.git;AcgClub;Kotlin;12456;1;1;198;0;0;0;0
https://github.com/DroidKaigi/conference-app-2019.git;conference-app-2019;Kotlin;10596;142;14;2129;3;0;0;0
https://github.com/zhanghai/MaterialFiles.git;MaterialFiles;Kotlin;11081;2;2;1418;15;0;0;0
https://github.com/burhanrashid52/YoutubeUX.git;YoutubeUX;Kotlin;18280;1;2;94;0;0;0;0
https://github.com/teprinciple/UpdateAppUtils.git;UpdateAppUtils;Kotlin;3837;1;2;143;7;0;0;0
https://github.com/badoo/MVICore.git;MVICore;Kotlin;5345;12;3;357;0;0;0;0
https://github.com/nhsx/COVID-19-app-Android-BETA.git;COVID-19-app-Android-BETA;Kotlin;3174;6;3;1114;0;0;0;0
https://github.com/oneHamidreza/MeowBottomNavigation.git;MeowBottomNavigation;Kotlin;4121;2;1;70;2;0;0;0
https://github.com/HabitRPG/habitica-android.git;habitica-android;Kotlin;60353;92;7;3422;23;0;0;0
https://github.com/androiddevnotes/awesome-android-kotlin-apps.git;awesome-android-kotlin-apps;Kotlin;415;40;1;101;0;0;0;0
https://github.com/gildor/kotlin-coroutines-retrofit.git;kotlin-coroutines-retrofit;Kotlin;284;13;5;66;19;0;0;0
https://github.com/JakeWharton/adb-event-mirror.git;adb-event-mirror;Kotlin;3590;1;1;18;1;0;0;0
https://github.com/FasterXML/jackson-module-kotlin.git;jackson-module-kotlin;Kotlin;792;34;16;861;0;0;0;0
https://github.com/juanchosaravia/KedditBySteps.git;KedditBySteps;Kotlin;405;5;1;86;0;0;0;0
https://github.com/tommybuonomo/morph-bottom-navigation.git;morph-bottom-navigation;Kotlin;171;1;2;11;0;0;0;0
https://github.com/touchlab/KaMPKit.git;KaMPKit;Kotlin;2750;10;7;357;0;0;0;0
https://github.com/nitrico/LastAdapter.git;LastAdapter;Kotlin;225;1;1;164;0;0;0;0
https://github.com/vsch/idea-multimarkdown.git;idea-multimarkdown;Kotlin;5202228;6;1;1019;0;0;0;0
https://github.com/smallSohoSolo/McImage.git;McImage;Kotlin;934;4;2;116;12;0;0;0
https://github.com/VIPyinzhiwei/Eyepetizer.git;Eyepetizer;Kotlin;37094;1;1;2;1;0;0;0
https://github.com/SusionSuc/rabbit-client.git;rabbit-client;Kotlin;74686;2;4;287;1;0;0;0
https://github.com/googlecodelabs/android-testing.git;android-testing;Kotlin;3764;15;14;204;0;0;0;0
https://github.com/square/AssistedInject.git;AssistedInject;Kotlin;494;12;1;205;0;0;0;0
https://github.com/hegaojian/JetpackMvvm.git;JetpackMvvm;Kotlin;64331;2;1;140;17;0;0;0
https://github.com/adisonhuang/awesome-kotlin-android.git;awesome-kotlin-android;Kotlin;60;1;1;20;0;0;0;0
https://github.com/MindorksOpenSource/ridesharing-uber-lyft-app.git;ridesharing-uber-lyft-app;Kotlin;1228;1;5;51;0;0;0;0
https://github.com/acejump/AceJump.git;AceJump;Kotlin;15846;17;1;893;2;0;0;0
https://github.com/mrsegev/MovieNight.git;MovieNight;Kotlin;2198;1;3;13;0;0;0;0
https://github.com/thomasnield/kotlin-statistics.git;kotlin-statistics;Kotlin;386;5;2;180;11;0;0;0
https://github.com/iammert/MultiSearchView.git;MultiSearchView;Kotlin;4245;2;1;20;2;0;0;0
https://github.com/AkshayChordiya/News.git;News;Kotlin;3036;7;2;85;3;0;0;0
https://github.com/ahmedeltaher/MVVM-Kotlin-Android-Architecture.git;MVVM-Kotlin-Android-Architecture;Kotlin;4396;2;9;76;0;0;0;0
https://github.com/tajchert/WaitingDots.git;WaitingDots;Kotlin;2301;5;2;42;0;0;0;0
https://github.com/afollestad/assent.git;assent;Kotlin;481;1;1;170;21;0;0;0
https://github.com/jmfayard/refreshVersions.git;refreshVersions;Kotlin;8316;10;11;869;15;0;0;0
https://github.com/AdityaAnand1/Morphing-Material-Dialogs.git;Morphing-Material-Dialogs;Kotlin;7837;2;4;72;12;0;0;0
https://github.com/skydoves/MarvelHeroes.git;MarvelHeroes;Kotlin;18138;1;1;60;3;0;0;0
https://github.com/airbnb/Showkase.git;Showkase;Kotlin;96169;3;8;142;0;0;0;0
https://github.com/kbiakov/CodeView-Android.git;CodeView-Android;Kotlin;1511;2;3;149;10;0;0;0
https://github.com/tajchert/Nammu.git;Nammu;Kotlin;462;6;1;57;1;0;0;0
https://github.com/stripe/stripe-android.git;stripe-android;Kotlin;43128;68;40;2917;79;0;0;0
https://github.com/Kennyc1012/BottomSheetMenu.git;BottomSheetMenu;Kotlin;1818;7;1;205;28;0;0;0
https://github.com/vector-im/element-android.git;element-android;Kotlin;48188;109;27;6210;42;0;0;0
https://github.com/MlxChange/WaveDisPlay.git;WaveDisPlay;Kotlin;26342;1;1;51;2;0;0;0
https://github.com/cortinico/slidetoact.git;slidetoact;Kotlin;6656;14;5;133;10;0;0;0
https://github.com/magnusja/libaums.git;libaums;Kotlin;1736;10;7;699;21;0;0;0
https://github.com/SalomonBrys/Kotson.git;Kotson;Kotlin;145;8;1;60;0;0;0;0
https://github.com/andremion/CounterFab.git;CounterFab;Kotlin;2535;4;2;84;9;0;0;0
https://github.com/DroidKaigi/conference-app-2020.git;conference-app-2020;Kotlin;65240;163;49;2045;0;0;0;0
https://github.com/Foso/Jetpack-Compose-Playground.git;Jetpack-Compose-Playground;Kotlin;55933;11;2;438;0;0;0;0
https://github.com/MoyuruAizawa/TimetableLayout.git;TimetableLayout;Kotlin;184;1;1;42;1;0;0;0
https://github.com/tommybuonomo/creative-viewpager.git;creative-viewpager;Kotlin;49852;1;3;17;0;0;0;0
https://github.com/Ramotion/navigation-toolbar-android.git;navigation-toolbar-android;Kotlin;15629;7;1;239;0;0;0;0
https://github.com/InflationX/ViewPump.git;ViewPump;Kotlin;513;4;2;54;1;0;0;0
https://github.com/permissions-dispatcher/permissions-dispatcher-plugin.git;permissions-dispatcher-plugin;Kotlin;783;3;3;233;16;0;0;0
https://github.com/Eli-Fox/LEGO-Catalog.git;LEGO-Catalog;Kotlin;6316;2;1;49;0;0;0;0
https://github.com/GwonHyeok/StickySwitch.git;StickySwitch;Kotlin;740;6;1;83;15;0;0;0
https://github.com/skydoves/AndroidVeil.git;AndroidVeil;Kotlin;4826;2;1;91;9;0;0;0
https://github.com/JetBrains/kotlin-wrappers.git;kotlin-wrappers;Kotlin;924;41;1;799;0;0;0;0
https://github.com/MarkusAmshove/Kluent.git;Kluent;Kotlin;1683;32;11;575;5;0;0;0
https://github.com/Chrisvin/LiquidSwipe.git;LiquidSwipe;Kotlin;6440;1;2;58;5;0;0;0
https://github.com/kittinunf/Result.git;Result;Kotlin;425;8;1;126;22;0;0;0
https://github.com/wealthfront/magellan.git;magellan;Kotlin;8144;8;44;303;1;0;0;0
https://github.com/akexorcist/Localization.git;Localization;Kotlin;2477;10;2;212;11;0;0;0
https://github.com/Karn/notify.git;notify;Kotlin;4130;4;2;82;10;0;0;0
https://github.com/rock3r/deep-clean.git;deep-clean;Kotlin;42;2;1;40;6;0;0;0
https://github.com/ProtonMail/proton-mail-android.git;proton-mail-android;Kotlin;38499;11;1;449;2;0;0;0
https://github.com/faob-dev/MotionLayoutCarousel.git;MotionLayoutCarousel;Kotlin;6629;2;1;19;0;0;0;0
https://github.com/mplatvoet/kovenant.git;kovenant;Kotlin;1603;5;8;696;30;0;0;0
https://github.com/robohorse/RoboPOJOGenerator.git;RoboPOJOGenerator;Kotlin;7705;2;1;309;0;0;0;0
https://github.com/JakeWharton/wormhole.git;wormhole;Kotlin;116;3;1;28;0;0;0;0
https://github.com/TonnyL/Spark.git;Spark;Kotlin;4676;1;1;9;1;0;0;0
https://github.com/ansman/kotshi.git;kotshi;Kotlin;493;9;1;204;27;0;0;0
https://github.com/badoo/Reaktive.git;Reaktive;Kotlin;15296;15;2;1546;27;0;0;0
https://github.com/TonnyL/Mango.git;Mango;Kotlin;4834;8;1;52;0;0;0;0
https://github.com/kotlin-orm/ktorm.git;ktorm;Kotlin;99276;13;7;741;19;0;0;0
https://github.com/Jawnnypoo/PhysicsLayout.git;PhysicsLayout;Kotlin;1548;3;1;108;5;0;0;0
https://github.com/Droppers/AnimatedBottomBar.git;AnimatedBottomBar;Kotlin;33597;2;1;78;9;0;0;0
https://github.com/dlew/android-architecture-counter-sample.git;android-architecture-counter-sample;Kotlin;171;1;1;6;0;0;0;0
https://github.com/grote/Transportr.git;Transportr;Kotlin;45654;37;3;1225;24;0;0;0
https://github.com/ktorio/ktor-samples.git;ktor-samples;Kotlin;1022;21;15;290;0;0;0;0
https://github.com/Zackratos/UltimateBar.git;UltimateBar;Kotlin;32485;1;3;80;0;0;0;0
https://github.com/mCyp/Hoo.git;Hoo;Kotlin;2141;1;1;37;0;0;0;0
https://github.com/xfmax/BasePedo.git;BasePedo;Kotlin;9870;1;3;117;0;0;0;0
https://github.com/graphql-java-kickstart/graphql-java-tools.git;graphql-java-tools;Kotlin;782;49;19;625;14;0;0;0
https://github.com/android/gradle-recipes.git;gradle-recipes;Kotlin;92;3;2;15;0;0;0;0
https://github.com/afollestad/recyclical.git;recyclical;Kotlin;2210;5;2;144;15;0;0;0
https://github.com/jarroyoesp/KotlinMultiPlatform.git;KotlinMultiPlatform;Kotlin;2754;2;4;141;0;0;0;0
https://github.com/square/cycler.git;cycler;Kotlin;144;5;14;57;5;0;0;0
https://github.com/chiuki/espresso-samples.git;espresso-samples;Kotlin;633;2;3;66;0;0;0;0
https://github.com/google-developer-training/android-kotlin-fundamentals-apps.git;android-kotlin-fundamentals-apps;Kotlin;34972;4;8;81;0;0;0;0
https://github.com/intellij-solidity/intellij-solidity.git;intellij-solidity;Kotlin;4455;14;6;421;22;0;0;0
https://github.com/chrisbanes/accompanist.git;accompanist;Kotlin;3000;10;6;298;16;0;0;0
https://github.com/androiddevnotes/awesome-android-learning-resources.git;awesome-android-learning-resources;Kotlin;544;26;1;139;0;0;0;0
https://github.com/patloew/countries.git;countries;Kotlin;560;3;4;99;0;0;0;0
https://github.com/niranjan94/show-java.git;show-java;Kotlin;40237;5;4;516;15;0;0;0
https://github.com/Kotlin/kotlinx-datetime.git;kotlinx-datetime;Kotlin;450;4;4;115;1;0;0;0
https://github.com/JetBrains/kotless.git;kotless;Kotlin;1070;10;2;361;6;0;0;0
https://github.com/razir/ProgressButton.git;ProgressButton;Kotlin;1396;5;1;60;2;0;0;0
https://github.com/wangzailfm/WanAndroidClient.git;WanAndroidClient;Kotlin;44990;1;1;87;0;0;0;0
https://github.com/aykuttasil/CallRecorder.git;CallRecorder;Kotlin;239;4;2;79;10;0;0;0
https://github.com/JLLeitschuh/ktlint-gradle.git;ktlint-gradle;Kotlin;1128;27;1;750;4;0;0;0
https://github.com/ffgiraldez/reactive-mvvm-android.git;reactive-mvvm-android;Kotlin;406;3;1;33;13;0;0;0
https://github.com/hitherejoe/ComposeAcademy-Playground.git;ComposeAcademy-Playground;Kotlin;351;1;2;37;0;0;0;0
https://github.com/Spikeysanju/MotionToast.git;MotionToast;Kotlin;431;4;1;45;7;0;0;0
https://github.com/DanielMartinus/Stepper-Touch.git;Stepper-Touch;Kotlin;709;4;6;168;7;0;0;0
https://github.com/MindorksOpenSource/android-kotlin-mvp-architecture.git;android-kotlin-mvp-architecture;Kotlin;306;2;2;52;0;0;0;0
https://github.com/JakeWharton/picnic.git;picnic;Kotlin;233;2;1;83;0;0;0;0
https://github.com/Karumi/Shot.git;Shot;Kotlin;21566;17;2;204;25;0;0;0
https://github.com/chibatching/Kotpref.git;Kotpref;Kotlin;1972;12;1;596;39;0;0;0
https://github.com/karntrehan/Posts.git;Posts;Kotlin;5016;3;3;71;0;0;0;0
https://github.com/JeroenMols/ModularizationExample.git;ModularizationExample;Kotlin;429;3;1;41;0;0;0;0
https://github.com/saket/FluidKeyboardResize.git;FluidKeyboardResize;Kotlin;262;2;2;45;0;0;0;0
https://github.com/androidstarters/kotlin-android-starter.git;kotlin-android-starter;Kotlin;2003;10;2;148;0;0;0;0
https://github.com/arunkumar9t2/scabbard.git;scabbard;Kotlin;17680;5;4;396;4;0;0;0
https://github.com/xiprox/ErrorView.git;ErrorView;Kotlin;2492;2;1;111;7;0;0;0
https://github.com/Kotlin/kotlin-frontend-plugin.git;kotlin-frontend-plugin;Kotlin;557;20;4;334;0;0;0;0
https://github.com/korlibs/korge.git;korge;Kotlin;13130;10;40;875;14;0;0;0
https://github.com/AdevintaSpain/Leku.git;Leku;Kotlin;14597;16;4;389;42;0;0;0
https://github.com/Jire/Charlatano.git;Charlatano;Kotlin;2957;14;1;535;22;0;0;0
https://github.com/Kotlin/kotlinconf-spinner.git;kotlinconf-spinner;Kotlin;30058;13;8;229;0;0;0;0
https://github.com/jabbink/PokemonGoBot.git;PokemonGoBot;Kotlin;19276;41;6;371;26;0;0;0
https://github.com/fwcd/kotlin-language-server.git;kotlin-language-server;Kotlin;37435;25;9;888;10;0;0;0
https://github.com/joreilly/PeopleInSpace.git;PeopleInSpace;Kotlin;633;6;2;122;0;0;0;0
https://github.com/JakeWharton/retrofit2-kotlinx-serialization-converter.git;retrofit2-kotlinx-serialization-converter;Kotlin;157;6;1;50;0;0;0;0
https://github.com/Cuieney/RxPay.git;RxPay;Kotlin;4800;1;2;130;0;0;0;0
https://github.com/andremion/Theatre.git;Theatre;Kotlin;4697;1;1;51;0;0;0;0
https://github.com/the-super-toys/glimpse-android.git;glimpse-android;Kotlin;19909;4;3;130;1;0;0;0
https://github.com/mozilla-lockwise/lockwise-android.git;lockwise-android;Kotlin;8321;37;31;497;36;0;0;0
https://github.com/feelschaotic/SDKHotFix.git;SDKHotFix;Kotlin;34998;1;2;47;0;0;0;0
https://github.com/SimpleMobileTools/Simple-File-Manager.git;Simple-File-Manager;Kotlin;12352;50;1;1456;91;0;0;0
https://github.com/Kotlin/workshop.git;workshop;Kotlin;30980;8;2;88;0;0;0;0
https://github.com/dkandalov/kotlin-99.git;kotlin-99;Kotlin;509;5;2;284;0;0;0;0
https://github.com/reddit/IndicatorFastScroll.git;IndicatorFastScroll;Kotlin;5577;3;2;44;11;0;0;0
https://github.com/afollestad/vvalidator.git;vvalidator;Kotlin;639;4;1;122;6;0;0;0
https://github.com/dkrivoruchko/ScreenStream.git;ScreenStream;Kotlin;9613;17;6;411;88;0;0;0
https://github.com/gojuno/composer.git;composer;Kotlin;8871;19;3;70;20;0;0;0
https://github.com/JesusM/FingerprintManager.git;FingerprintManager;Kotlin;565;1;2;24;5;0;0;0
https://github.com/natario1/ZoomLayout.git;ZoomLayout;Kotlin;46446;14;3;127;16;0;0;0
https://github.com/cashapp/turbine.git;turbine;Kotlin;118;5;2;45;4;0;0;0
https://github.com/armcha/ElasticView.git;ElasticView;Kotlin;8595;1;1;24;0;0;0;0
https://github.com/ZieIony/GuideToCustomViews.git;GuideToCustomViews;Kotlin;400;1;1;22;0;0;0;0
https://github.com/opentrace-community/opentrace-android.git;opentrace-android;Kotlin;849;1;1;5;0;0;0;0
https://github.com/bassaer/ChatMessageView.git;ChatMessageView;Kotlin;7196;8;1;410;3;0;0;0
https://github.com/wuyr/LitePager.git;LitePager;Kotlin;23550;1;1;16;0;0;0;0
https://github.com/romainguy/kotlin-math.git;kotlin-math;Kotlin;100;4;1;48;0;0;0;0
https://github.com/zawadz88/MaterialPopupMenu.git;MaterialPopupMenu;Kotlin;1211;6;1;73;17;0;0;0
https://github.com/zhangzhao4444/Maxim.git;Maxim;Kotlin;7032;2;1;58;1;0;0;0
https://github.com/sdeleuze/spring-boot-kotlin-demo.git;spring-boot-kotlin-demo;Kotlin;232;3;3;62;0;0;0;0
https://github.com/TonnyL/Light.git;Light;Kotlin;471;3;1;28;1;0;0;0
https://github.com/damianpetla/kotlin-dagger-example.git;kotlin-dagger-example;Kotlin;130;0;1;34;0;0;0;0
https://github.com/minecraft-dev/MinecraftDev.git;MinecraftDev;Kotlin;10292;33;22;1453;0;0;0;0
https://github.com/PortSwigger/turbo-intruder.git;turbo-intruder;Kotlin;35139;11;1;346;17;0;0;0
https://github.com/quiph/RecyclerView-FastScroller.git;RecyclerView-FastScroller;Kotlin;5177;5;4;107;7;0;0;0
https://github.com/skydoves/ElasticViews.git;ElasticViews;Kotlin;403;3;1;116;8;0;0;0
https://github.com/freeletics/RxRedux.git;RxRedux;Kotlin;8062;15;12;221;2;0;0;0
https://github.com/moallemi/gradle-advanced-build-version.git;gradle-advanced-build-version;Kotlin;261;2;3;65;3;0;0;0
https://github.com/ligi/PassAndroid.git;PassAndroid;Kotlin;8941;12;64;1652;1;0;0;0
https://github.com/korlibs/klock.git;klock;Kotlin;1051;14;54;510;20;0;0;0
https://github.com/ligi/SurvivalManual.git;SurvivalManual;Kotlin;7607;6;18;398;0;0;0;0
https://github.com/nirukk52/SnapTabLayout.git;SnapTabLayout;Kotlin;11657;2;3;89;0;0;0;0
https://github.com/kaixueio/kaixue-docs.git;kaixue-docs;Kotlin;1772;12;7;359;0;0;0;0
https://github.com/bernaferrari/ChangeDetection.git;ChangeDetection;Kotlin;14238;12;1;219;0;0;0;0
https://github.com/bmaslakov/kotlin-algorithm-club.git;kotlin-algorithm-club;Kotlin;791;4;2;113;0;0;0;0
https://github.com/vicpinm/Kotlin-Realm-Extensions.git;Kotlin-Realm-Extensions;Kotlin;316;9;1;159;0;0;0;0
https://github.com/guardian/toolargetool.git;toolargetool;Kotlin;372;9;6;100;0;0;0;0
https://github.com/nahzur-h/awaker.git;awaker;Kotlin;21304;1;1;543;0;0;0;0
https://github.com/Hexworks/zircon.git;zircon;Kotlin;11271;18;8;1049;1;0;0;0
https://github.com/googlecodelabs/android-navigation.git;android-navigation;Kotlin;137;6;1;29;0;0;0;0
https://github.com/SimpleMobileTools/Simple-Music-Player.git;Simple-Music-Player;Kotlin;15511;39;1;1440;72;0;0;0
https://github.com/florent37/KotlinPleaseAnimate.git;KotlinPleaseAnimate;Kotlin;4994;3;3;30;0;0;0;0
https://github.com/iammert/AnimatedTabLayout.git;AnimatedTabLayout;Kotlin;6112;2;1;12;1;0;0;0
https://github.com/mannodermaus/android-junit5.git;android-junit5;Kotlin;1931;6;2;335;32;0;0;0
https://github.com/bernaferrari/EmojiSlider.git;EmojiSlider;Kotlin;8121;3;1;73;0;0;0;0
https://github.com/arunkumar9t2/transition-x.git;transition-x;Kotlin;18190;2;2;155;4;0;0;0
https://github.com/PhilippeBoisney/ArchApp.git;ArchApp;Kotlin;375;1;1;12;1;0;0;0
https://github.com/wasabifx/wasabi.git;wasabi;Kotlin;17659;20;12;624;1;0;0;0
https://github.com/rjaros/kvision.git;kvision;Kotlin;17063;7;3;970;82;0;0;0
https://github.com/okdroid/checkable-chip-view.git;checkable-chip-view;Kotlin;924;1;2;15;3;0;0;0
https://github.com/iielse/learn-coordinatorlayout-behavior.git;learn-coordinatorlayout-behavior;Kotlin;7345;2;1;2;0;0;0;0
https://github.com/Spikeysanju/ZoomRecylerLayout.git;ZoomRecylerLayout;Kotlin;8671;1;1;20;1;0;0;0
https://github.com/skydoves/Needs.git;Needs;Kotlin;418;1;1;88;12;0;0;0
https://github.com/JoaoMotondon/RxJavaDemoApp.git;RxJavaDemoApp;Kotlin;399;1;1;8;0;0;0;0
https://github.com/mpv-android/mpv-android.git;mpv-android;Kotlin;11897;21;11;585;28;0;0;0
https://github.com/adibfara/Lives.git;Lives;Kotlin;228;7;8;95;6;0;0;0
https://github.com/mcxiaoke/kotlin-koi.git;kotlin-koi;Kotlin;210;5;1;69;3;0;0;0
https://github.com/rarnu/root-tools.git;root-tools;Kotlin;179697;5;1;911;0;0;0;0
https://github.com/ravidsrk/kotlinextensions.com.git;kotlinextensions.com;Kotlin;59;10;1;50;0;0;0;0
https://github.com/JakeWharton/dependency-tree-diff.git;dependency-tree-diff;Kotlin;94;2;1;21;3;0;0;0
https://github.com/mamoe/mirai-console.git;mirai-console;Kotlin;30613;13;6;1151;15;0;0;0
https://github.com/zsmb13/MaterialDrawerKt.git;MaterialDrawerKt;Kotlin;1352;2;8;338;24;0;0;0
https://github.com/skedgo/DateTimeRangePicker.git;DateTimeRangePicker;Kotlin;267;1;2;11;4;0;0;0
https://github.com/lopspower/RxAnimation.git;RxAnimation;Kotlin;4546;1;1;76;0;0;0;0
https://github.com/mixitconf/mixit.git;mixit;Kotlin;102870;17;37;1399;5;0;0;0
https://github.com/TheCGDF/SSD-Android.git;SSD-Android;Kotlin;1209;2;1;93;5;0;0;0
https://github.com/AleSpero/ExpandableCardView.git;ExpandableCardView;Kotlin;5777;2;2;57;2;0;0;0
https://github.com/santalu/maskara.git;maskara;Kotlin;2399;2;2;56;1;0;0;0
https://github.com/coder-pig/CPWechatXposed.git;CPWechatXposed;Kotlin;5006;1;1;22;0;0;0;0
https://github.com/square/anvil.git;anvil;Kotlin;1068;9;6;271;19;0;0;0
https://github.com/ftomassetti/LangSandbox.git;LangSandbox;Kotlin;19091;5;9;51;0;0;0;0
https://github.com/wordpress-mobile/AztecEditor-Android.git;AztecEditor-Android;Kotlin;5935;28;64;3277;66;0;0;0
https://github.com/sangcomz/FishBun.git;FishBun;Kotlin;52286;16;5;600;24;0;0;0
https://github.com/kwebio/kweb-core.git;kweb-core;Kotlin;8895;15;28;848;155;0;0;0
https://github.com/plnice/can-i-drop-jetifier.git;can-i-drop-jetifier;Kotlin;201;3;1;24;5;0;0;0
https://github.com/ReactiveCircus/FlowBinding.git;FlowBinding;Kotlin;9005;4;5;407;16;0;0;0
https://github.com/enricocid/Music-Player-GO.git;Music-Player-GO;Kotlin;49770;27;5;1539;103;0;0;0
https://github.com/ParfoisMeng/SlideBack.git;SlideBack;Kotlin;15443;2;3;50;0;0;0;0
https://github.com/maplemedia/pulse-sms-android.git;pulse-sms-android;Kotlin;204074;7;2;3839;4;0;0;0
https://github.com/afollestad/mnml.git;mnml;Kotlin;17661;2;3;206;0;0;0;0
https://github.com/matteocrippa/awesome-conferences-database.git;awesome-conferences-database;Kotlin;7519;14;1;623;0;0;0;1
https://github.com/msink/kotlin-libui.git;kotlin-libui;Kotlin;2602;7;4;473;21;0;0;0
https://github.com/moove-it/fakeit.git;fakeit;Kotlin;728;10;6;108;7;0;0;0
https://github.com/bernaferrari/GradleKotlinConverter.git;GradleKotlinConverter;Kotlin;1291;6;1;53;5;0;0;0
https://github.com/rosuH/AndroidFilePicker.git;AndroidFilePicker;Kotlin;1566;1;5;142;38;0;0;0
https://github.com/MobileTipsters/android-daily-tips.git;android-daily-tips;Kotlin;32300;16;2;515;0;0;0;1
https://github.com/wajahatkarim3/MediumClap-Android.git;MediumClap-Android;Kotlin;1412;3;3;112;7;0;0;0
https://github.com/andrefrsousa/SuperBottomSheet.git;SuperBottomSheet;Kotlin;865;1;1;86;10;0;0;0
https://github.com/lyft/domic.git;domic;Kotlin;238;4;5;27;0;0;0;0
https://github.com/TinyMission/kara.git;kara;Kotlin;29950;17;3;655;0;0;0;0
https://github.com/githubwing/DroidSword.git;DroidSword;Kotlin;14078;1;1;49;0;0;0;0
https://github.com/mtcn/MotionLayoutExamples.git;MotionLayoutExamples;Kotlin;52116;1;1;21;0;0;0;0
https://github.com/V2Ray-Android/Actinium.git;Actinium;Kotlin;291568;3;1;115;18;0;0;0
https://github.com/TonnyL/WhatsNew.git;WhatsNew;Kotlin;244;4;1;24;0;0;0;0
https://github.com/aws/aws-toolkit-jetbrains.git;aws-toolkit-jetbrains;Kotlin;7861;25;25;1747;3;0;0;0
https://github.com/android/android-studio-poet.git;android-studio-poet;Kotlin;2425;9;2;554;5;0;0;0
https://github.com/Arasthel/SpannedGridLayoutManager.git;SpannedGridLayoutManager;Kotlin;22369;3;2;52;0;0;0;0
https://github.com/simonpercic/OkLog.git;OkLog;Kotlin;4253;1;2;274;3;0;0;0
https://github.com/Kotlin/kotlinx-io.git;kotlinx-io;Kotlin;2874;11;13;632;1;0;0;0
https://github.com/gotson/komga.git;komga;Kotlin;10224;9;1;970;149;0;0;0
https://github.com/microsoft/thrifty.git;thrifty;Kotlin;2132;20;1;540;8;0;0;0
https://github.com/sangcomz/StickyTimeLine.git;StickyTimeLine;Kotlin;9950;3;3;92;14;0;0;0
https://github.com/touchlab/DroidconKotlin.git;DroidconKotlin;Kotlin;96409;10;13;686;0;0;0;0
https://github.com/Shopify/livedata-ktx.git;livedata-ktx;Kotlin;216;4;1;67;7;0;0;0
https://github.com/uber/motif.git;motif;Kotlin;1338;12;1;447;0;0;0;0
https://github.com/Frederikam/FredBoat.git;FredBoat;Kotlin;14139;26;33;2616;4;0;0;0
https://github.com/zalando/zally.git;zally;Kotlin;10818;42;11;2548;5;0;0;0
https://github.com/ssseasonnn/Yasha.git;Yasha;Kotlin;3475;1;3;86;0;0;0;0
https://github.com/Flank/flank.git;flank;Kotlin;54055;59;26;1020;51;0;0;0
https://github.com/google-developer-training/android-kotlin-fundamentals-starter-apps.git;android-kotlin-fundamentals-starter-apps;Kotlin;22198;6;6;56;0;0;0;0
https://github.com/werbhelius/PickPhotoSample.git;PickPhotoSample;Kotlin;38225;4;1;218;16;0;0;0
https://github.com/Dhaval2404/ImagePicker.git;ImagePicker;Kotlin;15913;6;5;153;13;0;0;0
https://github.com/YvesCheung/RollingText.git;RollingText;Kotlin;2275;3;1;75;9;0;0;0
https://github.com/LibreShift/red-moon.git;red-moon;Kotlin;6414;93;10;1178;35;0;0;0
https://github.com/stepstone-tech/android-material-app-rating.git;android-material-app-rating;Kotlin;10012;5;4;47;0;0;0;0
https://github.com/SimpleMobileTools/Simple-Camera.git;Simple-Camera;Kotlin;46681;44;1;1154;73;0;0;0
https://github.com/kotcity/kotcity.git;kotcity;Kotlin;10348;7;3;624;13;0;0;0
https://github.com/CleverPumpkin/CrunchyCalendar.git;CrunchyCalendar;Kotlin;1697;5;4;186;5;0;0;0
https://github.com/nekocode/Murmur.git;Murmur;Kotlin;709;1;2;16;1;0;0;0
https://github.com/skydoves/Only.git;Only;Kotlin;542;2;1;68;8;0;0;0
https://github.com/maiwenchang/ArtPlayer.git;ArtPlayer;Kotlin;186542;2;2;305;4;0;0;0
https://github.com/cretz/asmble.git;asmble;Kotlin;7305;3;1;131;4;0;0;0
https://github.com/MindorksOpenSource/Kotlin-Coroutines-Android-Examples.git;Kotlin-Coroutines-Android-Examples;Kotlin;466;2;1;49;0;0;0;0
https://github.com/avantgardnerio/depends.git;depends;Kotlin;81;2;1;26;0;0;0;0
https://github.com/JcMinarro/Philology.git;Philology;Kotlin;302;7;4;62;7;0;0;0
https://github.com/JohnnyShieh/Gank.git;Gank;Kotlin;6276;1;2;71;3;0;0;0
https://github.com/recruit-mp/LightCalendarView.git;LightCalendarView;Kotlin;197;3;2;66;2;0;0;0
https://github.com/armcha/ColoredShadowImageView.git;ColoredShadowImageView;Kotlin;17648;2;1;36;0;0;0;0
https://github.com/FirzenYogesh/FileListerDialog.git;FileListerDialog;Kotlin;495;2;2;28;0;0;0;0
https://github.com/pro100svitlo/FingerprintAuthHelper.git;FingerprintAuthHelper;Kotlin;22396;3;2;67;0;0;0;0
https://github.com/Kotlin/kotlinx.collections.immutable.git;kotlinx.collections.immutable;Kotlin;969;9;23;232;6;0;0;0
https://github.com/skydoves/AndroidRibbon.git;AndroidRibbon;Kotlin;794;2;1;64;4;0;0;0
https://github.com/hypeapps/MaterialTimelineView.git;MaterialTimelineView;Kotlin;385;1;2;27;0;0;0;0
https://github.com/mistamek/Android-drawable-preview-plugin.git;Android-drawable-preview-plugin;Kotlin;5634;1;1;98;0;0;0;0
https://github.com/JetBrains/lets-plot.git;lets-plot;Kotlin;79600;13;17;1569;20;0;0;0
https://github.com/WANZIzZ/WeChatRecord.git;WeChatRecord;Kotlin;154;1;1;8;0;0;0;0
https://github.com/openhab/openhab-android.git;openhab-android;Kotlin;47350;54;3;1988;309;0;0;0
https://github.com/Talentica/AndroidWithKotlin.git;AndroidWithKotlin;Kotlin;45666;2;5;83;0;0;0;0
https://github.com/googlearchive/android-dynamic-features.git;android-dynamic-features;Kotlin;2362;6;1;23;0;0;0;0
https://github.com/brianegan/bansa.git;bansa;Kotlin;5442;4;9;104;7;0;0;0
https://github.com/vanniktech/RxRiddles.git;RxRiddles;Kotlin;168;11;1;23;0;0;0;0
https://github.com/grpc/grpc-kotlin.git;grpc-kotlin;Kotlin;507;8;4;152;5;0;0;0
https://github.com/mutualmobile/CardStackUI.git;CardStackUI;Kotlin;30618;5;1;96;2;0;0;0
https://github.com/stfalcon-studio/MultiImageView.git;MultiImageView;Kotlin;279;3;1;10;0;0;0;0
https://github.com/rubensousa/Decorator.git;Decorator;Kotlin;677;3;2;27;3;0;0;0
https://github.com/QuickPermissions/QuickPermissions.git;QuickPermissions;Kotlin;174;1;3;22;5;0;0;0
https://github.com/guofudong/KotlinAndroid.git;KotlinAndroid;Kotlin;121824;1;1;169;0;0;0;0
https://github.com/TonnyL/Charles.git;Charles;Kotlin;739;1;1;8;0;0;0;0
https://github.com/saket/flick.git;flick;Kotlin;9083;3;2;75;7;0;0;0
https://github.com/mukeshsolanki/photofilter.git;photofilter;Kotlin;12435;1;1;58;0;0;0;0
https://github.com/partiql/partiql-lang-kotlin.git;partiql-lang-kotlin;Kotlin;3098;15;18;134;9;0;0;0
https://github.com/ww-tech/roxie.git;roxie;Kotlin;241;3;1;22;0;0;0;0
https://github.com/openrndr/openrndr.git;openrndr;Kotlin;3733;13;3;1091;24;0;0;0
https://github.com/hi-dhl/PokemonGo.git;PokemonGo;Kotlin;576;1;1;48;0;0;0;0
https://github.com/Yalantis/OfficialFoldingTabBar.Android.git;OfficialFoldingTabBar.Android;Kotlin;482;1;1;10;1;0;0;0
https://github.com/persian-calendar/DroidPersianCalendar.git;DroidPersianCalendar;Kotlin;34633;27;17;3216;52;0;0;0
https://github.com/PierfrancescoSoffritti/sliding-panel.git;sliding-panel;Kotlin;6054;1;2;136;13;0;0;0
https://github.com/neo4j-graphql/neo4j-graphql.git;neo4j-graphql;Kotlin;3527;10;7;164;16;0;0;0
https://github.com/saulmm/From-design-to-Android-part2.git;From-design-to-Android-part2;Kotlin;5245;2;1;12;1;0;0;0
https://github.com/Jetictors/KotlinLearn.git;KotlinLearn;Kotlin;235;2;1;33;0;0;0;0
https://github.com/geniusforapp/fancyDialog.git;fancyDialog;Kotlin;4908;6;2;75;3;0;0;0
https://github.com/transferwise/sequence-layout.git;sequence-layout;Kotlin;179;2;1;46;12;0;0;0
https://github.com/Chrisvin/RubberPicker.git;RubberPicker;Kotlin;3980;3;3;72;6;0;0;0
https://github.com/VladimirWrites/Lemniscate.git;Lemniscate;Kotlin;481;1;2;85;15;0;0;0
https://github.com/rybalkinsd/kohttp.git;kohttp;Kotlin;1629;16;13;233;5;0;0;0
https://github.com/husaynhakeem/android-face-detector.git;android-face-detector;Kotlin;612;2;1;32;5;0;0;0
https://github.com/AllanWang/Frost-for-Facebook.git;Frost-for-Facebook;Kotlin;6393;8;7;976;39;0;0;0
https://github.com/JasonGaoH/NestedRecyclerView.git;NestedRecyclerView;Kotlin;3712;1;1;27;0;0;0;0
https://github.com/xenomachina/kotlin-argparser.git;kotlin-argparser;Kotlin;516;6;3;247;12;0;0;0
https://github.com/MarcinMoskala/ArcSeekBar.git;ArcSeekBar;Kotlin;515;2;2;54;5;0;0;0
https://github.com/BennyWang/KBinding.git;KBinding;Kotlin;714;3;2;161;6;0;0;0
https://github.com/walleth/walleth.git;walleth;Kotlin;5158;11;124;1382;0;0;0;0
https://github.com/ismaeldivita/chip-navigation-bar.git;chip-navigation-bar;Kotlin;4847;3;1;60;8;0;0;0
https://github.com/RadarCOVID/radar-covid-android.git;radar-covid-android;Kotlin;20437;7;3;168;0;0;0;0
https://github.com/alexstyl/RadiusTransition.git;RadiusTransition;Kotlin;1318;1;1;10;0;0;0;0
https://github.com/Litote/kmongo.git;kmongo;Kotlin;2370;18;1;708;40;0;0;0
https://github.com/qhutch/BottomSheetLayout.git;BottomSheetLayout;Kotlin;2034;2;1;48;0;0;0;0
https://github.com/yueeng/hacg.git;hacg;Kotlin;2683;2;2;294;34;0;0;0
https://github.com/metalabdesign/AsyncAwait.git;AsyncAwait;Kotlin;213;4;3;102;6;0;0;0
https://github.com/MarcinMoskala/ActivityStarter.git;ActivityStarter;Kotlin;697;2;5;351;30;0;0;0
https://github.com/JorgeCastilloPrz/ArrowAndroidSamples.git;ArrowAndroidSamples;Kotlin;617;5;5;211;0;0;0;0
https://github.com/fabianonline/telegram_backup.git;telegram_backup;Kotlin;17536;8;16;320;15;0;0;0
https://github.com/li-xiaojun/AndroidKTX.git;AndroidKTX;Kotlin;4305;1;4;359;0;0;0;0
https://github.com/Kotlin/kotlin-jupyter.git;kotlin-jupyter;Kotlin;1526;16;4;379;0;0;0;0
https://github.com/cbeust/kobalt.git;kobalt;Kotlin;40529;24;10;3393;668;0;0;0
https://github.com/andretietz/retroauth.git;retroauth;Kotlin;938;7;5;413;31;0;0;0
https://github.com/konifar/material-cat.git;material-cat;Kotlin;8071;1;2;106;0;0;0;1
https://github.com/michaelxs/Android-CommonShapeButton.git;Android-CommonShapeButton;Kotlin;483;1;1;73;0;0;0;0
https://github.com/SmartToolFactory/Animation-Tutorials.git;Animation-Tutorials;Kotlin;49898;1;1;66;0;1;0;0
https://github.com/MenosGrante/Rekado.git;Rekado;Kotlin;5163;7;2;212;44;0;0;0
https://github.com/gurleensethi/LiteUtilities.git;LiteUtilities;Kotlin;173;1;1;44;6;0;0;1
https://github.com/st235/ExpandableBottomBar.git;ExpandableBottomBar;Kotlin;28294;4;1;127;3;0;0;0
https://github.com/550609334/Twobbble.git;Twobbble;Kotlin;6691;1;1;22;0;0;0;0
https://github.com/cdsap/Talaiot.git;Talaiot;Kotlin;7708;11;20;624;28;0;0;0
https://github.com/romainguy/sample-materials-shop.git;sample-materials-shop;Kotlin;18118;4;1;24;0;0;0;0
https://github.com/AllenCoder/BRVAH_kotlin.git;BRVAH_kotlin;Kotlin;854;1;1;26;0;0;0;0
https://github.com/bogerchan/Nier-Visualizer.git;Nier-Visualizer;Kotlin;11875;1;4;57;0;0;0;0
https://github.com/Hankkin/Reading.git;Reading;Kotlin;33169;1;6;243;0;1;0;0
https://github.com/ernestoyaquello/DragDropSwipeRecyclerview.git;DragDropSwipeRecyclerview;Kotlin;5702;2;1;106;14;1;0;0
https://github.com/detekt/sonar-kotlin.git;sonar-kotlin;Kotlin;537;11;1;147;27;1;0;0
https://github.com/TayfunCesur/CurvedBottomSheet.git;CurvedBottomSheet;Kotlin;18995;2;1;36;5;1;0;0
