https://github.com/donnemartin/system-design-primer.git;system-design-primer;Python;11160;98;2;315;0;0;0;0
https://github.com/public-apis/public-apis.git;public-apis;Python;2692;429;3;2223;0;0;0;0
https://github.com/jackfrued/Python-100-Days.git;Python-100-Days;Python;265473;12;1;323;0;0;0;0
https://github.com/TheAlgorithms/Python.git;Python;Python;11175;451;14;1926;0;0;0;0
https://github.com/vinta/awesome-python.git;awesome-python;Python;6388;365;2;1592;0;0;0;0
https://github.com/tensorflow/models.git;models;Python;564769;383;39;6032;13;0;0;0
https://github.com/nvbn/thefuck.git;thefuck;Python;2865;144;10;1567;15;0;0;0
https://github.com/django/django.git;django;Python;202397;399;22;28916;0;0;0;0
https://github.com/pallets/flask.git;flask;Python;8145;407;4;4027;10;0;0;0
https://github.com/httpie/httpie.git;httpie;Python;5935;96;1;1281;35;0;0;0
https://github.com/josephmisiti/awesome-machine-learning.git;awesome-machine-learning;Python;2336;445;2;1511;0;0;0;0
https://github.com/ansible/ansible.git;ansible;Python;192328;390;44;50817;3;0;0;0
https://github.com/psf/requests.git;requests;Python;12504;412;6;5988;0;0;0;0
https://github.com/scikit-learn/scikit-learn.git;scikit-learn;Python;118255;415;21;26237;20;0;0;0
https://github.com/scrapy/scrapy.git;scrapy;Python;20887;370;50;8517;18;0;0;0
https://github.com/minimaxir/big-list-of-naughty-strings.git;big-list-of-naughty-strings;Python;356;71;1;271;0;0;0;0
https://github.com/ageitgey/face_recognition.git;face_recognition;Python;103912;42;7;211;2;0;0;0
https://github.com/home-assistant/core.git;core;Python;203960;416;72;31077;670;0;0;0
https://github.com/soimort/you-get.git;you-get;Python;3417;187;3;2331;106;0;0;0
https://github.com/huggingface/transformers.git;transformers;Python;36826;429;136;5680;38;0;0;0
https://github.com/521xueweihan/HelloGitHub.git;HelloGitHub;Python;3167;7;1;93;9;0;0;0
https://github.com/python/cpython.git;cpython;Python;346814;362;13;108371;0;0;0;0
https://github.com/deepfakes/faceswap.git;faceswap;Python;198983;67;6;1193;3;0;0;0
https://github.com/shadowsocks/shadowsocks.git;shadowsocks;Python;891;1;2;1;2;0;0;0
https://github.com/apache/incubator-superset.git;incubator-superset;Python;192887;437;172;6001;15;0;0;0
https://github.com/XX-net/XX-Net.git;XX-Net;Python;53328;68;6;2215;307;0;0;0
https://github.com/0voice/interview_internal_reference.git;interview_internal_reference;Python;682;25;1;330;0;0;0;0
https://github.com/isocpp/CppCoreGuidelines.git;CppCoreGuidelines;Python;25629;256;12;1909;4;0;0;0
https://github.com/testerSunshine/12306.git;12306;Python;58546;22;10;434;1;0;0;1
https://github.com/floodsung/Deep-Learning-Papers-Reading-Roadmap.git;Deep-Learning-Papers-Reading-Roadmap;Python;3626;21;1;100;0;0;0;0
https://github.com/apachecn/AiLearning.git;AiLearning;Python;137461;6;1;158;2;0;0;0
https://github.com/certbot/certbot.git;certbot;Python;43982;395;735;9987;11;0;0;0
https://github.com/pandas-dev/pandas.git;pandas;Python;202842;412;15;24635;65;0;0;0
https://github.com/localstack/localstack.git;localstack;Python;5704;293;1;1532;19;0;0;0
https://github.com/3b1b/manim.git;manim;Python;17729;94;16;3069;0;0;0;0
https://github.com/getsentry/sentry.git;sentry;Python;163459;360;442;32508;62;0;0;0
https://github.com/faif/python-patterns.git;python-patterns;Python;3691;93;1;749;0;0;0;0
https://github.com/fighting41love/funNLP.git;funNLP;Python;137770;8;1;123;0;0;0;0
https://github.com/google-research/bert.git;bert;Python;317;26;2;111;0;0;0;0
https://github.com/fxsjy/jieba.git;jieba;Python;56033;39;2;523;9;0;0;0
https://github.com/facebookresearch/Detectron.git;Detectron;Python;4492;33;2;140;0;0;0;0
https://github.com/tiangolo/fastapi.git;fastapi;Python;8709;185;1;1290;96;0;0;0
https://github.com/satwikkansal/wtfpython.git;wtfpython;Python;1199;56;3;457;2;0;0;0
https://github.com/openai/gym.git;gym;Python;4225;256;99;1233;5;0;0;0
https://github.com/ycm-core/YouCompleteMe.git;YouCompleteMe;Python;36025;148;7;2758;0;0;0;0
https://github.com/0xAX/linux-insides.git;linux-insides;Python;15890;255;1;1761;0;0;0;0
https://github.com/CorentinJ/Real-Time-Voice-Cloning.git;Real-Time-Voice-Cloning;Python;369566;13;2;275;0;0;0;0
https://github.com/pypa/pipenv.git;pipenv;Python;242284;320;17;6952;12;0;0;0
https://github.com/donnemartin/interactive-coding-challenges.git;interactive-coding-challenges;Python;7768;42;2;790;0;0;0;0
https://github.com/hankcs/HanLP.git;HanLP;Python;55784;31;5;1364;50;0;0;0
https://github.com/docker/compose.git;compose;Python;12442;337;74;5858;139;0;0;0
https://github.com/littlecodersh/ItChat.git;ItChat;Python;955;16;2;188;13;0;0;0
https://github.com/iperov/DeepFaceLab.git;DeepFaceLab;Python;830709;18;2;1066;2;0;0;0
https://github.com/mitmproxy/mitmproxy.git;mitmproxy;Python;47901;321;10;8732;34;0;0;0
https://github.com/donnemartin/data-science-ipython-notebooks.git;data-science-ipython-notebooks;Python;49025;12;2;543;0;0;0;0
https://github.com/chubin/cheat.sh.git;cheat.sh;Python;4386;38;2;747;0;0;0;0
https://github.com/tornadoweb/tornado.git;tornado;Python;8888;323;21;4260;0;0;0;0
https://github.com/trailofbits/algo.git;algo;Python;2902;146;7;1058;2;0;0;0
https://github.com/encode/django-rest-framework.git;django-rest-framework;Python;48070;390;12;8339;13;0;0;0
https://github.com/sqlmapproject/sqlmap.git;sqlmap;Python;74476;88;2;9575;5;0;0;0
https://github.com/psf/black.git;black;Python;4662;199;8;836;4;0;0;0
https://github.com/eriklindernoren/ML-From-Scratch.git;ML-From-Scratch;Python;553;6;1;374;0;0;0;0
https://github.com/keon/algorithms.git;algorithms;Python;1263;148;2;891;1;0;0;0
https://github.com/google/python-fire.git;python-fire;Python;928;38;6;234;7;0;0;0
https://github.com/explosion/spaCy.git;spaCy;Python;178523;411;52;11644;69;0;0;0
https://github.com/drduh/macOS-Security-and-Privacy-Guide.git;macOS-Security-and-Privacy-Guide;Python;1394;69;1;562;0;0;0;0
https://github.com/sebastianruder/NLP-progress.git;NLP-progress;Python;1108;223;1;693;3;0;0;0
https://github.com/nicolargo/glances.git;glances;Python;29374;112;15;3785;20;0;0;0
https://github.com/sherlock-project/sherlock.git;sherlock;Python;15792;115;2;1394;0;0;0;0
https://github.com/StevenBlack/hosts.git;hosts;Python;141076;93;1;2398;274;0;0;0
https://github.com/tqdm/tqdm.git;tqdm;Python;5172;88;32;1599;93;0;0;0
https://github.com/celery/celery.git;celery;Python;31118;404;23;11415;12;0;0;0
https://github.com/magenta/magenta.git;magenta;Python;36880;133;3;1362;47;0;0;0
https://github.com/gto76/python-cheatsheet.git;python-cheatsheet;Python;9179;10;4;1981;0;0;0;0
https://github.com/reddit-archive/reddit.git;reddit;Python;40093;175;1;7956;0;0;0;0
https://github.com/numpy/numpy.git;numpy;Python;85055;403;23;24516;58;0;0;0
https://github.com/instillai/TensorFlow-Course.git;TensorFlow-Course;Python;20020;8;1;128;1;0;0;0
https://github.com/charlax/professional-programming.git;professional-programming;Python;3751;20;1;238;0;0;0;0
https://github.com/binux/pyspider.git;pyspider;Python;4171;52;5;1181;13;0;0;0
https://github.com/deezer/spleeter.git;spleeter;Python;9046;14;3;343;1;0;0;0
https://github.com/pytorch/examples.git;examples;Python;40044;153;18;479;0;0;0;0
https://github.com/ipython/ipython.git;ipython;Python;73849;425;18;24788;28;0;0;0
https://github.com/toml-lang/toml.git;toml;Python;2229;150;1;777;8;0;0;0
https://github.com/luong-komorebi/Awesome-Linux-Software.git;Awesome-Linux-Software;Python;3977;200;3;1270;0;0;0;0
https://github.com/huge-success/sanic.git;sanic;Python;2797;238;9;2311;33;0;0;0
https://github.com/jumpserver/jumpserver.git;jumpserver;Python;59128;74;39;5496;49;0;0;0
https://github.com/locustio/locust.git;locust;Python;4436;146;41;2450;35;0;0;0
https://github.com/bokeh/bokeh.git;bokeh;Python;164184;399;30;18787;0;0;0;0
https://github.com/bitcoinbook/bitcoinbook.git;bitcoinbook;Python;44728;158;1;3468;3;0;0;0
https://github.com/microsoft/cascadia-code.git;cascadia-code;Python;10090;11;1;160;10;0;0;0
https://github.com/OWASP/CheatSheetSeries.git;CheatSheetSeries;Python;401044;137;7;1002;0;0;0;0
https://github.com/nginx-proxy/nginx-proxy.git;nginx-proxy;Python;541;85;2;596;0;0;0;0
https://github.com/wangshub/wechat_jump_game.git;wechat_jump_game;Python;26965;58;5;332;2;0;0;0
https://github.com/spotify/luigi.git;luigi;Python;10385;364;1;3933;50;0;0;0
https://github.com/cool-RR/PySnooper.git;PySnooper;Python;291;24;13;287;0;0;0;0
https://github.com/ray-project/ray.git;ray;Python;100763;378;27;6213;36;0;0;0
https://github.com/openai/gpt-2.git;gpt-2;Python;4482;14;3;56;0;0;0;0
https://github.com/willmcgugan/rich.git;rich;Python;29198;49;6;1234;79;0;0;0
https://github.com/junyanz/pytorch-CycleGAN-and-pix2pix.git;pytorch-CycleGAN-and-pix2pix;Python;8288;49;3;474;0;0;0;0
https://github.com/facebookresearch/detectron2.git;detectron2;Python;3549;117;6;754;6;0;0;0
https://github.com/PaddlePaddle/Paddle.git;Paddle;Python;213798;267;26;28887;39;0;0;0
https://github.com/plotly/dash.git;dash;Python;28420;54;70;3489;28;0;0;0
https://github.com/cookiecutter/cookiecutter.git;cookiecutter;Python;2760;213;6;2667;18;0;0;0
https://github.com/chubin/wttr.in.git;wttr.in;Python;1322;110;2;923;0;0;0;0
https://github.com/zulip/zulip.git;zulip;Python;276145;372;13;39649;53;0;0;0
https://github.com/python-poetry/poetry.git;poetry;Python;10938;232;12;1647;96;0;0;0
https://github.com/fabric/fabric.git;fabric;Python;18918;10;19;1066;0;0;0;0
https://github.com/matplotlib/matplotlib.git;matplotlib;Python;384336;426;12;36973;49;0;0;0
https://github.com/youfou/wxpy.git;wxpy;Python;600;3;3;304;14;0;0;0
https://github.com/Kr1s77/awesome-python-login-model.git;awesome-python-login-model;Python;18643;9;1;170;0;0;0;0
https://github.com/tzutalin/labelImg.git;labelImg;Python;238299;66;4;375;2;0;0;0
https://github.com/open-mmlab/mmdetection.git;mmdetection;Python;14386;155;4;1263;5;0;0;0
https://github.com/shimohq/chinese-programmer-wrong-pronunciation.git;chinese-programmer-wrong-pronunciation;Python;246;61;3;346;0;0;0;0
https://github.com/tonybeltramelli/pix2code.git;pix2code;Python;776652;3;2;23;0;0;0;0
https://github.com/mkdocs/mkdocs.git;mkdocs;Python;29312;156;6;1468;0;0;0;0
https://github.com/jhao104/proxy_pool.git;proxy_pool;Python;490;35;6;495;0;0;0;0
https://github.com/leisurelicht/wtfpython-cn.git;wtfpython-cn;Python;419;1;2;58;0;0;0;0
https://github.com/joke2k/faker.git;faker;Python;5277;317;11;2442;5;0;0;0
https://github.com/alexjc/neural-enhance.git;neural-enhance;Python;3362;8;3;102;3;0;0;0
https://github.com/openai/baselines.git;baselines;Python;6620;105;36;347;0;0;0;0
https://github.com/tensorflow/tensor2tensor.git;tensor2tensor;Python;15945;212;3;4344;75;0;0;0
https://github.com/mingrammer/diagrams.git;diagrams;Python;22958;71;2;368;29;0;0;0
https://github.com/lra/mackup.git;mackup;Python;2113;315;2;2073;10;0;0;0
https://github.com/chriskiehl/Gooey.git;Gooey;Python;3959;73;12;675;3;0;0;0
https://github.com/NVIDIA/FastPhotoStyle.git;FastPhotoStyle;Python;51946;5;2;92;1;0;0;0
https://github.com/codelucas/newspaper.git;newspaper;Python;18349;91;5;651;2;0;0;0
https://github.com/horovod/horovod.git;horovod;Python;4389;101;43;774;10;0;0;0
https://github.com/NVlabs/stylegan.git;stylegan;Python;1719;1;1;13;0;0;0;0
https://github.com/Eloston/ungoogled-chromium.git;ungoogled-chromium;Python;9117;54;1;1739;26;0;0;0
https://github.com/sivel/speedtest-cli.git;speedtest-cli;Python;329;10;22;295;21;0;0;0
https://github.com/aleju/imgaug.git;imgaug;Python;28618;26;2;2913;3;0;0;0
https://github.com/waditu/tushare.git;tushare;Python;7549;24;1;412;1;0;0;0
https://github.com/getpelican/pelican.git;pelican;Python;6293;366;12;3397;10;0;0;0
https://github.com/SFTtech/openage.git;openage;Python;10351;147;1;3656;3;0;0;0
https://github.com/RasaHQ/rasa.git;rasa;Python;1293367;334;199;22787;54;0;0;0
https://github.com/kovidgoyal/kitty.git;kitty;Python;23648;116;2;6122;62;0;0;0
https://github.com/pallets/click.git;click;Python;2736;245;8;1674;3;0;0;0
https://github.com/pyecharts/pyecharts.git;pyecharts;Python;98450;25;8;1491;0;0;0;0
https://github.com/sovereign/sovereign.git;sovereign;Python;1044;91;2;986;0;0;0;0
https://github.com/chiphuyen/stanford-tensorflow-tutorials.git;stanford-tensorflow-tutorials;Python;14037;1;1;106;1;0;0;0
https://github.com/beetbox/beets.git;beets;Python;20637;358;23;9679;31;0;0;0
https://github.com/h2y/Shadowrocket-ADBlock-Rules.git;Shadowrocket-ADBlock-Rules;Python;2698;8;1;196;0;0;0;0
https://github.com/kholia/OSX-KVM.git;OSX-KVM;Python;228038;13;1;69;0;0;0;0
https://github.com/hindupuravinash/the-gan-zoo.git;the-gan-zoo;Python;2194;19;4;175;0;0;0;0
https://github.com/nltk/nltk.git;nltk;Python;347407;306;20;13990;0;0;0;0
https://github.com/python/mypy.git;mypy;Python;44226;397;23;9230;0;0;0;0
https://github.com/wifiphisher/wifiphisher.git;wifiphisher;Python;12783;38;14;787;4;0;0;0
https://github.com/rusty1s/pytorch_geometric.git;pytorch_geometric;Python;3810;107;9;3847;21;0;0;0
https://github.com/alievk/avatarify.git;avatarify;Python;5727;15;4;322;2;0;0;0
https://github.com/shengqiangzhang/examples-of-web-crawlers.git;examples-of-web-crawlers;Python;235539;5;1;193;0;0;0;0
https://github.com/allenai/allennlp.git;allennlp;Python;72383;213;11;2306;34;0;0;0
https://github.com/dbcli/mycli.git;mycli;Python;2032;64;16;1607;0;0;0;0
https://github.com/Rochester-NRT/RocAlphaGo.git;RocAlphaGo;Python;5438;14;8;467;0;0;0;0
https://github.com/dbcli/pgcli.git;pgcli;Python;10187;127;11;2201;0;0;0;0
https://github.com/ddbourgin/numpy-ml.git;numpy-ml;Python;10416;7;1;313;0;0;0;0
https://github.com/nbedos/termtosvg.git;termtosvg;Python;1400;13;4;190;12;0;0;0
https://github.com/apenwarr/sshuttle.git;sshuttle;Python;1143;31;3;414;0;0;0;0
https://github.com/andymccurdy/redis-py.git;redis-py;Python;2816;196;11;1547;0;0;0;0
https://github.com/apprenticeharper/DeDRM_tools.git;DeDRM_tools;Python;24750;42;2;425;77;0;0;0
https://github.com/kovidgoyal/calibre.git;calibre;Python;265358;216;3;41790;193;0;0;0
https://github.com/idank/explainshell.git;explainshell;Python;1147;15;2;258;0;0;0;0
https://github.com/donnemartin/awesome-aws.git;awesome-aws;Python;824;63;2;612;1;0;0;0
https://github.com/asciinema/asciinema.git;asciinema;Python;1836;37;24;697;12;0;0;0
https://github.com/ranger/ranger.git;ranger;Python;9298;155;16;4426;0;0;0;0
https://github.com/microsoft/recommenders.git;recommenders;Python;104481;60;15;6123;6;0;0;0
https://github.com/gleitz/howdoi.git;howdoi;Python;25018;50;6;680;0;0;0;0
https://github.com/hanxiao/bert-as-service.git;bert-as-service;Python;9000;38;5;1639;10;0;0;0
https://github.com/zalandoresearch/fashion-mnist.git;fashion-mnist;Python;107730;8;1;206;0;0;0;0
https://github.com/twintproject/twint.git;twint;Python;4562;58;2;838;9;0;0;0
https://github.com/facebook/chisel.git;chisel;Python;3494;47;6;448;11;0;0;0
https://github.com/mailpile/Mailpile.git;Mailpile;Python;25711;156;5;6287;8;0;0;0
https://github.com/microsoft/nni.git;nni;Python;42592;93;42;1759;26;0;0;0
https://github.com/coursera-dl/coursera-dl.git;coursera-dl;Python;1810;81;7;1124;0;0;0;0
https://github.com/PyTorchLightning/pytorch-lightning.git;pytorch-lightning;Python;67050;300;68;3596;30;0;0;0
https://github.com/flairNLP/flair.git;flair;Python;4292;108;17;2732;15;0;0;0
https://github.com/ShangtongZhang/reinforcement-learning-an-introduction.git;reinforcement-learning-an-introduction;Python;5562;27;1;296;0;0;0;0
https://github.com/alexjc/neural-doodle.git;neural-doodle;Python;5380;3;5;122;1;0;0;0
https://github.com/tflearn/tflearn.git;tflearn;Python;1539;120;8;605;7;0;0;0
https://github.com/lengstrom/fast-style-transfer.git;fast-style-transfer;Python;11285;15;1;64;0;0;0;0
https://github.com/wagtail/wagtail.git;wagtail;Python;110249;357;49;10636;130;0;0;0
https://github.com/mirumee/saleor.git;saleor;Python;101348;155;41;17447;44;0;0;0
https://github.com/postmanlabs/httpbin.git;httpbin;Python;750;95;5;841;4;0;0;0
https://github.com/Theano/Theano.git;Theano;Python;68141;334;3;28123;0;0;0;0
https://github.com/darknessomi/musicbox.git;musicbox;Python;1814;45;4;605;11;0;0;0
https://github.com/JaidedAI/EasyOCR.git;EasyOCR;Python;132176;62;1;340;5;0;0;0
https://github.com/deepmind/sonnet.git;sonnet;Python;16558;43;3;827;2;0;0;0
https://github.com/s0md3v/XSStrike.git;XSStrike;Python;1166;19;2;448;14;0;0;0
https://github.com/The-Art-of-Hacking/h4cker.git;h4cker;Python;48968;12;3;1557;0;0;0;0
https://github.com/threat9/routersploit.git;routersploit;Python;1810;58;7;788;10;0;0;1
https://github.com/rushter/MLAlgorithms.git;MLAlgorithms;Python;11933;24;1;144;0;0;0;0
https://github.com/eeeeeeeeeeeeeeeeeeeeeeeeeeeeeeee/eeeeeeeeeeeeeeeeeeeeeeeeeeeeeeeeeeeeeeeeeeeeeeeeeeeeeeeeeeeeeeeeeeeeeeeeeeeeeeeeeeeeeeeeeeeeeeeeeeee.git;eeeeeeeeeeeeeeeeeeeeeeeeeeeeeeeeeeeeeeeeeeeeeeeeeeeeeeeeeeeeeeeeeeeeeeeeeeeeeeeeeeeeeeeeeeeeeeeeeeee;Python;1236;135;1;415;0;-1;0;0
https://github.com/networkx/networkx.git;networkx;Python;15703;408;4;6245;26;0;0;0
https://github.com/plotly/plotly.py.git;plotly.py;Python;97399;139;37;4661;47;0;0;0
https://github.com/falconry/falcon.git;falcon;Python;6124;138;10;1668;0;0;0;0
https://github.com/thumbor/thumbor.git;thumbor;Python;52795;128;29;2203;93;0;0;0
https://github.com/httpie/http-prompt.git;http-prompt;Python;666;20;3;374;15;0;0;0
https://github.com/Embedding/Chinese-Word-Vectors.git;Chinese-Word-Vectors;Python;1469;2;1;130;0;0;0;0
https://github.com/facebookresearch/maskrcnn-benchmark.git;maskrcnn-benchmark;Python;6813;83;5;230;1;0;0;0
https://github.com/scrapinghub/portia.git;portia;Python;25514;41;19;2690;1;0;0;0
https://github.com/deepinsight/insightface.git;insightface;Python;20750;11;1;1356;0;0;0;0
https://github.com/coleifer/peewee.git;peewee;Python;13138;119;12;4273;114;0;0;0
https://github.com/harelba/q.git;q;Python;2577;17;24;360;16;0;0;0
https://github.com/dbader/schedule.git;schedule;Python;253;29;2;326;0;0;0;0
https://github.com/lebinh/ngxtop.git;ngxtop;Python;392;8;1;39;1;0;0;0
https://github.com/Hironsan/BossSensor.git;BossSensor;Python;29659;4;1;61;0;0;0;0
https://github.com/newsapps/beeswithmachineguns.git;beeswithmachineguns;Python;249;31;2;249;0;0;0;0
https://github.com/taobao/nginx-book.git;nginx-book;Python;2514;28;2;255;0;0;0;0
https://github.com/pennersr/django-allauth.git;django-allauth;Python;6685;418;1;2281;0;0;0;0
https://github.com/dmlc/dgl.git;dgl;Python;12303;85;19;1372;13;0;0;0
https://github.com/google/sanitizers.git;sanitizers;Python;46189;22;3;2327;0;0;0;0
https://github.com/apache/incubator-tvm.git;incubator-tvm;Python;35491;399;5;5061;9;0;0;0
https://github.com/n1nj4sec/pupy.git;pupy;Python;31016;30;4;3482;0;0;0;0
https://github.com/boto/boto3.git;boto3;Python;7527;91;10;3137;14;0;0;0
https://github.com/AlessandroZ/LaZagne.git;LaZagne;Python;3006;32;1;782;19;0;0;0
https://github.com/trustedsec/social-engineer-toolkit.git;social-engineer-toolkit;Python;179417;52;2;15745;0;0;0;0
https://github.com/awslabs/aws-shell.git;aws-shell;Python;283;10;17;235;0;0;0;0
https://github.com/ufoym/deepo.git;deepo;Python;385;10;2;116;2;0;0;0
https://github.com/flask-restful/flask-restful.git;flask-restful;Python;1090;136;3;831;6;0;0;0
https://github.com/Rapptz/discord.py.git;discord.py;Python;8480;183;10;2559;0;0;0;0
https://github.com/jwyang/faster-rcnn.pytorch.git;faster-rcnn.pytorch;Python;6389;28;4;614;0;0;0;0
https://github.com/tensorpack/tensorpack.git;tensorpack;Python;9021;51;4;2917;3;0;0;0
https://github.com/numba/numba.git;numba;Python;60779;194;26;18616;0;0;0;0
https://github.com/ultralytics/yolov5.git;yolov5;Python;5572;47;1;681;3;0;0;0
https://github.com/SerpentAI/SerpentAI.git;SerpentAI;Python;3859;7;6;250;1;0;0;0
https://github.com/secdev/scapy.git;scapy;Python;82235;255;1;5495;11;0;0;0
https://github.com/thtrieu/darkflow.git;darkflow;Python;33769;26;2;543;0;0;0;0
https://github.com/SecureAuthCorp/impacket.git;impacket;Python;6536;98;7;3272;8;0;0;0
https://github.com/frostming/legit.git;legit;Python;2149;45;2;519;7;0;0;0
https://github.com/baowenbo/DAIN.git;DAIN;Python;279;8;2;182;0;0;0;0
https://github.com/statsmodels/statsmodels.git;statsmodels;Python;44534;246;17;13465;14;0;0;0
https://github.com/vibora-io/vibora.git;vibora;Python;374;25;2;141;0;0;0;0
https://github.com/deepmind/pysc2.git;pysc2;Python;1271;27;1;513;5;0;0;0
https://github.com/netbox-community/netbox.git;netbox;Python;22594;128;5;6173;156;0;0;0
https://github.com/frappe/erpnext.git;erpnext;Python;886473;315;40;33065;871;0;0;0
https://github.com/cyrus-and/gdb-dashboard.git;gdb-dashboard;Python;342;14;1;372;0;0;0;0
https://github.com/MobSF/Mobile-Security-Framework-MobSF.git;Mobile-Security-Framework-MobSF;Python;962623;53;5;1569;31;0;0;0
https://github.com/nodejs/node-gyp.git;node-gyp;Python;4184;152;9;1066;0;0;0;0
https://github.com/donnemartin/gitsome.git;gitsome;Python;1395;28;3;1015;5;0;0;0
https://github.com/miguelgrinberg/flasky.git;flasky;Python;228;1;8;62;0;0;0;0
https://github.com/EZFNDEV/EZFN.git;EZFN;Python;1604;1;2;94;0;0;0;0
https://github.com/30-seconds/30-seconds-of-python.git;30-seconds-of-python;Python;68066;69;1;1596;0;0;0;0
https://github.com/matrix-org/synapse.git;synapse;Python;77249;260;696;17835;297;0;0;0
https://github.com/Urinx/WeixinBot.git;WeixinBot;Python;1175;22;2;142;0;0;0;0
https://github.com/larsenwork/monoid.git;monoid;Python;155817;16;7;439;0;0;0;0
https://github.com/mopidy/mopidy.git;mopidy;Python;24078;115;9;8223;9;0;0;0
https://github.com/ReFirmLabs/binwalk.git;binwalk;Python;44980;65;5;1181;4;0;0;0
https://github.com/facebookresearch/ParlAI.git;ParlAI;Python;63779;122;67;3503;9;0;0;0
https://github.com/giampaolo/psutil.git;psutil;Python;34131;126;19;5557;0;0;0;0
https://github.com/pytest-dev/pytest.git;pytest;Python;23859;383;6;13081;34;0;0;0
https://github.com/pypa/pip.git;pip;Python;62841;413;1;10901;0;0;0;0
https://github.com/fchollet/deep-learning-models.git;deep-learning-models;Python;45;2;1;22;8;0;0;0
https://github.com/prompt-toolkit/python-prompt-toolkit.git;python-prompt-toolkit;Python;8486;149;42;2448;0;0;0;0
https://github.com/dabeaz-course/practical-python.git;practical-python;Python;429;20;2;197;0;0;0;0
https://github.com/paramiko/paramiko.git;paramiko;Python;7708;111;22;3483;0;0;0;0
https://github.com/brightmart/text_classification.git;text_classification;Python;14792;10;1;316;0;0;0;0
https://github.com/pyro-ppl/pyro.git;pyro;Python;70215;97;180;2128;22;0;0;0
https://github.com/yandex/gixy.git;gixy;Python;802;16;5;126;9;0;0;0
https://github.com/a1studmuffin/SpaceshipGenerator.git;SpaceshipGenerator;Python;6889;4;1;38;4;0;0;0
https://github.com/instillai/machine-learning-course.git;machine-learning-course;Python;14145;9;13;360;1;0;0;0
https://github.com/luyishisi/Anti-Anti-Spider.git;Anti-Anti-Spider;Python;150740;6;2;151;0;0;0;0
https://github.com/boto/boto.git;boto;Python;15965;342;14;7198;0;0;0;0
https://github.com/vishnubob/wait-for-it.git;wait-for-it;Python;29;11;1;49;0;0;0;0
https://github.com/SirVer/ultisnips.git;ultisnips;Python;6385;129;9;1527;3;0;0;0
https://github.com/xchaoinfo/fuck-login.git;fuck-login;Python;316;16;2;117;0;0;0;0
https://github.com/tensorflow/nmt.git;nmt;Python;1262;20;3;203;0;0;0;0
https://github.com/wkentaro/labelme.git;labelme;Python;46074;41;1;1161;39;0;0;0
https://github.com/Vonng/ddia.git;ddia;Python;28515;36;1;237;0;0;0;0
https://github.com/cython/cython.git;cython;Python;60951;349;28;16159;0;0;0;0
https://github.com/rwv/chinese-dos-games.git;chinese-dos-games;Python;12964;2;1;125;0;0;0;0
https://github.com/lazyprogrammer/machine_learning_examples.git;machine_learning_examples;Python;22483;4;1;292;0;0;0;0
https://github.com/shadowsocksr-backup/shadowsocksr.git;shadowsocksr;Python;1744;23;5;719;0;0;0;0
https://github.com/eastlakeside/interpy-zh.git;interpy-zh;Python;1217;18;7;773;5;0;0;0
https://github.com/encode/apistar.git;apistar;Python;6858;81;5;767;0;0;0;0
https://github.com/fail2ban/fail2ban.git;fail2ban;Python;11473;178;28;5342;24;0;0;0
https://github.com/houtianze/bypy.git;bypy;Python;2773;26;2;501;0;0;0;0
https://github.com/webpy/webpy.git;webpy;Python;1661;64;3;1036;5;0;0;0
https://github.com/chainer/chainer.git;chainer;Python;53636;248;7;30530;104;0;0;0
https://github.com/zihangdai/xlnet.git;xlnet;Python;2990;10;1;35;0;0;0;0
https://github.com/facebookresearch/wav2letter.git;wav2letter;Python;6100;32;10;425;1;0;0;0
https://github.com/maxbbraun/trump2cash.git;trump2cash;Python;584;1;1;189;0;0;0;0
https://github.com/pallets/werkzeug.git;werkzeug;Python;12676;346;8;4425;13;0;0;0
https://github.com/Dman95/SASM.git;SASM;Python;28197;11;2;298;22;0;0;0
https://github.com/alicevision/meshroom.git;meshroom;Python;3666;23;40;1727;4;0;0;0
https://github.com/jupyter/docker-stacks.git;docker-stacks;Python;2525;159;1;1620;0;0;0;0
https://github.com/nate-parrott/Flashlight.git;Flashlight;Python;90051;117;3;1971;46;0;0;0
https://github.com/b-ryan/powerline-shell.git;powerline-shell;Python;457;67;8;572;0;0;0;0
https://github.com/Linzaer/Ultra-Light-Fast-Generic-Face-Detector-1MB.git;Ultra-Light-Fast-Generic-Face-Detector-1MB;Python;28053;10;1;176;0;0;0;0
https://github.com/taigaio/taiga-back.git;taiga-back;Python;19480;53;47;3970;0;0;0;0
https://github.com/joelgrus/data-science-from-scratch.git;data-science-from-scratch;Python;769;6;3;89;0;0;0;0
https://github.com/axi0mX/ipwndfu.git;ipwndfu;Python;1889;2;1;76;0;0;0;0
https://github.com/ultralytics/yolov3.git;yolov3;Python;8007;37;1;2559;7;0;0;0
https://github.com/qutebrowser/qutebrowser.git;qutebrowser;Python;48687;293;20;20900;66;0;0;0
https://github.com/encode/httpx.git;httpx;Python;3417;99;8;917;23;0;0;0
https://github.com/jupyterhub/jupyterhub.git;jupyterhub;Python;6859;195;3;4335;0;0;0;0
https://github.com/yenchenlin/DeepLearningFlappyBird.git;DeepLearningFlappyBird;Python;67878;6;3;59;0;0;0;0
https://github.com/rougier/numpy-100.git;numpy-100;Python;419;34;1;237;2;0;0;0
https://github.com/spyder-ide/spyder.git;spyder;Python;78743;168;7;20724;59;0;0;0
https://github.com/taki0112/UGATIT.git;UGATIT;Python;5835;3;1;50;0;0;0;0
https://github.com/samuelclay/NewsBlur.git;NewsBlur;Python;598408;74;22;13241;0;0;0;0
https://github.com/amoffat/sh.git;sh;Python;9330;65;5;1212;0;0;0;0
https://github.com/evilsocket/opensnitch.git;opensnitch;Python;13497;27;4;379;0;0;0;0
https://github.com/detailyang/awesome-cheatsheet.git;awesome-cheatsheet;Python;9460;66;2;391;0;0;0;0
https://github.com/hellerve/programming-talks.git;programming-talks;Python;1032;47;1;862;0;0;0;0
https://github.com/malwaredllc/byob.git;byob;Python;39210;19;5;544;0;0;0;0
https://github.com/modin-project/modin.git;modin;Python;8351;56;4;1127;30;0;0;0
https://github.com/OlafenwaMoses/ImageAI.git;ImageAI;Python;62145;11;2;277;9;0;0;0
https://github.com/yahoo/open_nsfw.git;open_nsfw;Python;21634;5;1;13;0;0;0;0
https://github.com/openai/spinningup.git;spinningup;Python;31762;22;3;99;1;0;0;0
https://github.com/chrissimpkins/codeface.git;codeface;Python;317804;11;1;608;2;0;0;0
https://github.com/Ciphey/Ciphey.git;Ciphey;Python;16758;33;16;1649;22;0;0;0
https://github.com/MrS0m30n3/youtube-dl-gui.git;youtube-dl-gui;Python;2329;22;3;796;3;0;0;0
https://github.com/pymc-devs/pymc3.git;pymc3;Python;622611;260;29;7521;22;0;0;0
https://github.com/Shougo/deoplete.nvim.git;deoplete.nvim;Python;2071;82;4;1939;0;0;0;0
https://github.com/streamlink/streamlink.git;streamlink;Python;35759;211;1;3571;31;0;0;0
https://github.com/gevent/gevent.git;gevent;Python;17625;79;7;5536;21;0;0;0
https://github.com/tkarras/progressive_growing_of_gans.git;progressive_growing_of_gans;Python;341;1;2;33;0;0;0;0
https://github.com/jopohl/urh.git;urh;Python;51721;15;4;2856;86;0;0;0
https://github.com/google/seq2seq.git;seq2seq;Python;1666;15;12;880;0;0;0;0
https://github.com/aboul3la/Sublist3r.git;Sublist3r;Python;1145;21;1;138;2;0;0;0
https://github.com/dennybritz/cnn-text-classification-tf.git;cnn-text-classification-tf;Python;1137;10;1;80;0;0;0;0
https://github.com/PrefectHQ/prefect.git;prefect;Python;41224;119;79;12182;70;0;0;0
https://github.com/rushter/data-science-blogs.git;data-science-blogs;Python;322;79;1;354;0;0;0;0
https://github.com/edx/edx-platform.git;edx-platform;Python;1395234;251;610;56205;4;0;0;0
https://github.com/mahmoud/boltons.git;boltons;Python;1739;53;1;1473;18;0;0;0
https://github.com/USArmyResearchLab/Dshell.git;Dshell;Python;1132;18;2;179;2;0;0;0
https://github.com/aws/aws-sam-cli.git;aws-sam-cli;Python;40603;178;14;1006;76;0;0;0
https://github.com/anishathalye/neural-style.git;neural-style;Python;2699;14;2;89;0;0;0;0
https://github.com/snare/voltron.git;voltron;Python;1688;19;2;608;7;0;0;0
https://github.com/eriklindernoren/PyTorch-YOLOv3.git;PyTorch-YOLOv3;Python;16550;6;1;150;0;0;0;0
https://github.com/rwightman/pytorch-image-models.git;pytorch-image-models;Python;15637;18;9;596;12;0;0;0
https://github.com/microsoft/nlp-recipes.git;nlp-recipes;Python;48711;38;82;2208;5;0;0;0
https://github.com/trekhleb/learn-python.git;learn-python;Python;91;9;1;38;0;0;0;0
https://github.com/jackzhenguo/python-small-examples.git;python-small-examples;Python;2507;2;2;60;0;0;0;0
https://github.com/vaexio/vaex.git;vaex;Python;132344;26;69;2813;4;0;0;0
https://github.com/gitpitch/gitpitch.git;gitpitch;Python;110146;10;4;269;2;0;0;0
https://github.com/tangqiaoboy/iOSBlogCN.git;iOSBlogCN;Python;62;9;1;77;0;0;0;0
https://github.com/jofpin/trape.git;trape;Python;6686;14;1;122;0;0;0;0
https://github.com/FeatureLabs/featuretools.git;featuretools;Python;6791;47;154;654;57;0;0;0
https://github.com/worldveil/dejavu.git;dejavu;Python;76344;23;1;146;0;0;0;0
https://github.com/david-gpu/srez.git;srez;Python;207;3;1;22;0;0;0;0
https://github.com/achael/eht-imaging.git;eht-imaging;Python;27979;17;6;1890;6;0;0;0
https://github.com/donnemartin/dev-setup.git;dev-setup;Python;424;13;2;356;0;0;0;0
https://github.com/dxa4481/truffleHog.git;truffleHog;Python;120;19;3;170;1;0;0;0
https://github.com/Uberi/speech_recognition.git;speech_recognition;Python;110820;38;3;360;23;0;0;0
https://github.com/robotframework/robotframework.git;robotframework;Python;101810;112;27;12456;39;0;0;0
https://github.com/karpathy/neuraltalk.git;neuraltalk;Python;5216;6;1;33;0;0;0;0
https://github.com/belluzj/fantasque-sans.git;fantasque-sans;Python;9993;9;12;203;17;0;0;0
https://github.com/hyperopt/hyperopt.git;hyperopt;Python;5757;77;4;1158;0;0;0;0
https://github.com/google/trax.git;trax;Python;134783;37;74;1038;13;0;0;0
https://github.com/liuwons/wxBot.git;wxBot;Python;1291;17;3;165;0;0;0;0
https://github.com/lancopku/pkuseg-python.git;pkuseg-python;Python;4380;6;2;198;2;0;0;0
https://github.com/lining0806/PythonSpiderNotes.git;PythonSpiderNotes;Python;7343;1;1;31;0;0;0;0
https://github.com/tkipf/gcn.git;gcn;Python;5208;9;1;42;0;0;0;0
https://github.com/facebookresearch/detr.git;detr;Python;13148;18;2;40;1;0;0;0
https://github.com/marshmallow-code/marshmallow.git;marshmallow;Python;5520;154;7;2888;0;0;0;0
https://github.com/aymericdamien/TopDeepLearning.git;TopDeepLearning;Python;109;7;1;31;0;0;0;0
https://github.com/SublimeCodeIntel/SublimeCodeIntel.git;SublimeCodeIntel;Python;55157;32;1;542;0;0;0;0
https://github.com/django-extensions/django-extensions.git;django-extensions;Python;3799;380;1;3439;0;0;0;0
https://github.com/10se1ucgo/DisableWinTracking.git;DisableWinTracking;Python;261;23;3;251;27;0;0;0
https://github.com/isnowfy/snownlp.git;snownlp;Python;97321;8;1;57;0;0;0;0
https://github.com/pre-commit/pre-commit.git;pre-commit;Python;2573;86;3;1855;62;0;0;0
https://github.com/microsoft/MMdnn.git;MMdnn;Python;37226;66;12;1083;12;0;0;0
https://github.com/wistbean/learn_python3_spider.git;learn_python3_spider;Python;22434;3;1;45;0;0;0;0
https://github.com/burnash/gspread.git;gspread;Python;1707;95;6;790;27;0;0;0
https://github.com/Z4nzu/hackingtool.git;hackingtool;Python;768;8;1;83;0;0;0;0
https://github.com/robinhood/faust.git;faust;Python;8775;77;21;4137;3;0;0;0
https://github.com/lukemelas/EfficientNet-PyTorch.git;EfficientNet-PyTorch;Python;1135;16;3;141;1;0;0;0
https://github.com/HIPS/autograd.git;autograd;Python;16108;48;39;1375;1;0;0;0
https://github.com/oarriaga/face_classification.git;face_classification;Python;124213;6;4;146;0;0;0;0
https://github.com/smicallef/spiderfoot.git;spiderfoot;Python;14200;32;4;3095;4;0;0;0
https://github.com/docker/docker-py.git;docker-py;Python;4829;320;13;3091;67;0;0;0
https://github.com/ibab/tensorflow-wavenet.git;tensorflow-wavenet;Python;335;30;15;195;0;0;0;0
https://github.com/python-visualization/folium.git;folium;Python;100046;106;12;1443;19;0;0;0
https://github.com/automl/auto-sklearn.git;auto-sklearn;Python;30307;50;12;2343;15;0;0;0
https://github.com/joeyespo/grip.git;grip;Python;573;31;3;564;0;0;0;0
https://github.com/NVIDIA/DeepLearningExamples.git;DeepLearningExamples;Python;59880;53;22;713;0;0;0;0
https://github.com/cchen156/Learning-to-See-in-the-Dark.git;Learning-to-See-in-the-Dark;Python;474;6;1;52;0;0;0;0
https://github.com/0x5e/wechat-deleted-friends.git;wechat-deleted-friends;Python;93;14;1;79;0;0;0;0
https://github.com/humphd/have-fun-with-machine-learning.git;have-fun-with-machine-learning;Python;7887;6;2;90;0;0;0;0
https://github.com/NVIDIA/pix2pixHD.git;pix2pixHD;Python;57018;8;1;40;0;0;0;0
https://github.com/i-tu/Hasklig.git;Hasklig;Python;19540;30;1;214;8;0;0;0
https://github.com/mementum/backtrader.git;backtrader;Python;22371;45;5;2381;0;0;0;0
https://github.com/jiaaro/pydub.git;pydub;Python;36889;67;3;721;29;0;0;0
https://github.com/iGhibli/iOS-DeviceSupport.git;iOS-DeviceSupport;Python;977447;16;1;101;0;0;0;0
https://github.com/keras-rl/keras-rl.git;keras-rl;Python;1414;34;4;308;8;0;0;0
https://github.com/lbryio/lbry-sdk.git;lbry-sdk;Python;20589;77;67;7788;243;0;0;0
https://github.com/scikit-learn-contrib/imbalanced-learn.git;imbalanced-learn;Python;21404;46;9;689;26;0;0;0
https://github.com/mxrch/GHunt.git;GHunt;Python;203;17;1;180;0;0;0;0
https://github.com/lcdevelop/ChatBotCourse.git;ChatBotCourse;Python;17198;1;4;108;0;0;0;0
https://github.com/OctoPrint/OctoPrint.git;OctoPrint;Python;43662;161;18;7164;97;0;0;0
https://github.com/tensorflow/cleverhans.git;cleverhans;Python;8639;95;4;3001;6;0;0;0
https://github.com/stanfordnlp/stanza.git;stanza;Python;5618;19;9;1514;7;0;0;0
https://github.com/likedan/Awesome-CoreML-Models.git;Awesome-CoreML-Models;Python;3082;13;2;145;0;0;0;0
https://github.com/PeterDing/iScript.git;iScript;Python;1028;5;1;520;0;0;0;0
https://github.com/ecthros/uncaptcha2.git;uncaptcha2;Python;20;1;1;7;0;0;0;0
https://github.com/jarun/googler.git;googler;Python;2032;24;1;982;35;0;0;0
https://github.com/utkuozbulak/pytorch-cnn-visualizations.git;pytorch-cnn-visualizations;Python;6212;4;1;166;0;0;0;0
https://github.com/chyroc/WechatSogou.git;WechatSogou;Python;4322;9;1;240;7;0;0;0
https://github.com/xingyizhou/CenterNet.git;CenterNet;Python;6440;13;1;50;0;0;0;0
https://github.com/deepmipt/DeepPavlov.git;DeepPavlov;Python;37599;53;187;2563;39;0;0;0
https://github.com/PySimpleGUI/PySimpleGUI.git;PySimpleGUI;Python;155943;15;5;4234;0;0;0;0
https://github.com/HypothesisWorks/hypothesis.git;hypothesis;Python;29843;203;54;10191;400;0;0;0
https://github.com/encode/starlette.git;starlette;Python;4555;132;8;744;5;0;0;0
https://github.com/princewen/tensorflow_practice.git;tensorflow_practice;Python;115237;1;1;114;0;0;0;0
https://github.com/rmax/scrapy-redis.git;scrapy-redis;Python;171;19;5;182;1;0;0;0
https://github.com/maurosoria/dirsearch.git;dirsearch;Python;19319;50;2;1004;12;0;0;0
https://github.com/yunjey/stargan.git;stargan;Python;14091;1;1;45;0;0;0;0
https://github.com/navdeep-G/setup.py.git;setup.py;Python;68;25;3;140;0;0;0;0
https://github.com/NVIDIA/apex.git;apex;Python;14248;67;107;821;0;0;0;0
https://github.com/wb14123/seq2seq-couplet.git;seq2seq-couplet;Python;38;1;2;33;0;0;0;0
https://github.com/MycroftAI/mycroft-core.git;mycroft-core;Python;117854;140;33;4443;124;0;0;0
https://github.com/deepmind/graph_nets.git;graph_nets;Python;1421;9;1;45;0;0;0;0
https://github.com/Yelp/dumb-init.git;dumb-init;Python;249;15;4;297;19;0;0;0
https://github.com/angr/angr.git;angr;Python;45219;148;71;10510;0;0;0;0
https://github.com/donnemartin/saws.git;saws;Python;4045;8;2;948;8;0;0;0
https://github.com/django-oscar/django-oscar.git;django-oscar;Python;106512;231;23;8539;2;0;0;0
https://github.com/SpiderClub/haipproxy.git;haipproxy;Python;1212;8;2;254;1;0;0;0
https://github.com/davidhalter/jedi.git;jedi;Python;12615;118;3;8111;0;0;0;0
https://github.com/dylanaraps/pywal.git;pywal;Python;753;52;11;1080;78;0;0;0
https://github.com/dwyl/english-words.git;english-words;Python;28512;21;1;83;0;0;0;0
https://github.com/django/channels.git;channels;Python;1885;198;6;1162;0;0;0;0
https://github.com/cupy/cupy.git;cupy;Python;26675;203;11;19273;78;0;0;0
https://github.com/fmfn/BayesianOptimization.git;BayesianOptimization;Python;23311;20;2;197;7;0;0;0
https://github.com/smacke/ffsubsync.git;ffsubsync;Python;3841;4;7;250;6;0;0;0
https://github.com/GoogleCloudPlatform/python-docs-samples.git;python-docs-samples;Python;62223;339;53;3620;0;0;0;0
https://github.com/vt-vl-lab/3d-photo-inpainting.git;3d-photo-inpainting;Python;133250;4;1;82;0;0;0;0
https://github.com/jazzband/pip-tools.git;pip-tools;Python;2723;117;1;1390;38;0;0;0
https://github.com/OpenNMT/OpenNMT-py.git;OpenNMT-py;Python;202967;150;5;2502;25;0;0;0
https://github.com/wbond/package_control.git;package_control;Python;2386;33;3;1064;0;0;0;0
https://github.com/mzucker/noteshrink.git;noteshrink;Python;6349;3;1;43;0;0;0;0
https://github.com/airbnb/knowledge-repo.git;knowledge-repo;Python;1607;46;20;566;29;0;0;0
https://github.com/seemoo-lab/opendrop.git;opendrop;Python;97;2;1;36;2;0;0;0
https://github.com/vi3k6i5/flashtext.git;flashtext;Python;447;4;3;108;0;0;0;0
https://github.com/paralax/awesome-honeypots.git;awesome-honeypots;Python;454;39;3;304;0;0;0;0
https://github.com/WenDesi/lihang_book_algorithm.git;lihang_book_algorithm;Python;24380;1;1;35;0;0;0;0
https://github.com/astorfi/TensorFlow-World.git;TensorFlow-World;Python;26388;4;1;672;1;0;0;0
https://github.com/michael-lazar/rtv.git;rtv;Python;52869;56;6;1628;38;0;0;0
https://github.com/reorx/httpstat.git;httpstat;Python;336;3;7;87;5;0;0;0
https://github.com/mher/flower.git;flower;Python;3205;145;10;1240;0;0;0;0
https://github.com/jrnl-org/jrnl.git;jrnl;Python;8109;61;5;1028;25;0;0;0
https://github.com/stewartmcgown/uds.git;uds;Python;6336;20;2;161;0;0;0;0
https://github.com/volatilityfoundation/volatility.git;volatility;Python;21390;50;11;2824;0;0;0;0
https://github.com/hzy46/Deep-Learning-21-Examples.git;Deep-Learning-21-Examples;Python;141867;1;1;14;0;0;0;0
https://github.com/karpathy/arxiv-sanity-preserver.git;arxiv-sanity-preserver;Python;977;19;4;210;0;0;0;0
https://github.com/StackStorm/st2.git;st2;Python;32019;111;85;18749;63;0;0;0
https://github.com/mbadry1/DeepLearning.ai-Summary.git;DeepLearning.ai-Summary;Python;15644;23;1;440;0;0;0;0
https://github.com/fizyr/keras-retinanet.git;keras-retinanet;Python;15231;74;10;1142;6;0;0;0
https://github.com/realpython/discover-flask.git;discover-flask;Python;436;3;1;147;0;0;0;0
https://github.com/Kinto/kinto.git;kinto;Python;28296;104;8;8035;144;0;0;0
https://github.com/django-crispy-forms/django-crispy-forms.git;django-crispy-forms;Python;2328;179;3;1579;13;0;0;0
https://github.com/scikit-image/scikit-image.git;scikit-image;Python;70671;353;9;12353;4;0;0;0
https://github.com/librosa/librosa.git;librosa;Python;790985;67;7;3070;28;0;0;0
https://github.com/jarun/buku.git;buku;Python;4098;56;1;1749;37;0;0;0
https://github.com/amdegroot/ssd.pytorch.git;ssd.pytorch;Python;108865;8;3;333;0;0;0;0
https://github.com/rossant/awesome-math.git;awesome-math;Python;373;27;1;160;0;0;0;0
https://github.com/simonw/datasette.git;datasette;Python;3755;39;94;1419;69;0;0;0
https://github.com/miguelgrinberg/Flask-SocketIO.git;Flask-SocketIO;Python;635;52;2;361;0;0;0;0
https://github.com/ricequant/rqalpha.git;rqalpha;Python;33405;28;23;2715;0;0;0;0
https://github.com/brython-dev/brython.git;brython;Python;132926;70;5;5621;50;0;0;0
https://github.com/commaai/research.git;research;Python;48876;13;2;36;0;0;0;0
https://github.com/facebookresearch/mmf.git;mmf;Python;12908;39;36;739;2;0;0;0
https://github.com/wepe/MachineLearning.git;MachineLearning;Python;8209;5;1;72;0;0;0;0
https://github.com/drivendata/cookiecutter-data-science.git;cookiecutter-data-science;Python;653;37;5;139;0;0;0;0
https://github.com/DEAP/deap.git;deap;Python;10625;57;11;2143;0;0;0;0
https://github.com/samuelhwilliams/Eel.git;Eel;Python;1412;32;5;255;17;0;0;0
https://github.com/facebookresearch/DrQA.git;DrQA;Python;566;10;1;56;0;0;0;0
https://github.com/mwouts/jupytext.git;jupytext;Python;21432;51;8;2079;86;0;0;0
https://github.com/jisaacks/GitGutter.git;GitGutter;Python;2133;86;6;753;51;0;0;0
https://github.com/Kozea/WeasyPrint.git;WeasyPrint;Python;30400;80;5;3664;31;0;0;0
https://github.com/adamchainz/django-cors-headers.git;django-cors-headers;Python;1782;52;2;458;0;0;0;0
https://github.com/aidlearning/AidLearning-FrameWork.git;AidLearning-FrameWork;Python;56341;2;2;637;19;0;0;0
https://github.com/janeczku/calibre-web.git;calibre-web;Python;59791;128;2;2375;9;0;0;0
https://github.com/NervanaSystems/neon.git;neon;Python;9003;78;7;1118;32;0;0;0
https://github.com/qiyeboy/IPProxyPool.git;IPProxyPool;Python;9771;10;2;119;2;0;0;0
https://github.com/openimages/dataset.git;dataset;Python;3107;7;1;63;0;0;0;0
https://github.com/PyGithub/PyGithub.git;PyGithub;Python;13107;229;1;1903;26;0;0;0
https://github.com/ActivityWatch/activitywatch.git;activitywatch;Python;544;9;10;641;30;0;0;0
https://github.com/floydhub/dl-docker.git;dl-docker;Python;47;9;1;53;0;0;0;0
https://github.com/codertimo/BERT-pytorch.git;BERT-pytorch;Python;84;5;3;64;5;0;0;0
https://github.com/freqtrade/freqtrade.git;freqtrade;Python;48609;87;5;10059;34;0;0;0
https://github.com/prompt-toolkit/ptpython.git;ptpython;Python;1010;36;7;375;0;0;0;0
https://github.com/jazzband/tablib.git;tablib;Python;1957;94;2;1110;4;0;0;0
https://github.com/benedekrozemberczki/awesome-graph-classification.git;awesome-graph-classification;Python;2241;4;3;401;0;0;0;0
https://github.com/chrippa/livestreamer.git;livestreamer;Python;4772;76;2;1474;24;0;0;0
https://github.com/jcjohnson/pytorch-examples.git;pytorch-examples;Python;63;5;2;33;0;0;0;0
https://github.com/msiemens/tinydb.git;tinydb;Python;855;55;3;587;51;0;0;0
https://github.com/stamparm/maltrail.git;maltrail;Python;107727;24;1;42322;14;0;0;1
https://github.com/Qix-/better-exceptions.git;better-exceptions;Python;224;13;8;86;2;0;0;0
https://github.com/Lasagne/Lasagne.git;Lasagne;Python;2263;64;2;1161;1;0;0;0
https://github.com/offu/WeRoBot.git;WeRoBot;Python;1399;21;13;1206;26;1;0;0
https://github.com/vinayak-mehta/present.git;present;Python;8036;7;1;165;0;0;0;0
https://github.com/doccano/doccano.git;doccano;Python;46438;48;4;1429;6;0;0;0
https://github.com/naturomics/CapsNet-Tensorflow.git;CapsNet-Tensorflow;Python;1629;8;1;148;0;1;0;0
https://github.com/emre/storm.git;storm;Python;449;22;8;339;6;0;0;0
https://github.com/jayfk/statuspage.git;statuspage;Python;1687;16;1;226;12;0;0;0
https://github.com/PaddlePaddle/ERNIE.git;ERNIE;Python;90906;25;5;298;5;0;0;0
https://github.com/pypa/virtualenv.git;virtualenv;Python;86489;39;2;324;4;0;0;0
https://github.com/junyanz/iGAN.git;iGAN;Python;9806;1;2;45;0;0;0;0
https://github.com/ohld/igbot.git;igbot;Python;24500;106;1;2525;57;0;0;0
https://github.com/google/diff-match-patch.git;diff-match-patch;Python;675;7;1;44;0;0;0;0
https://github.com/stephenmcd/mezzanine.git;mezzanine;Python;49605;261;400;5233;1;0;0;0
https://github.com/sdispater/pendulum.git;pendulum;Python;2049;63;8;696;45;0;0;0
https://github.com/facebookarchive/huxley.git;huxley;Python;133;7;2;68;0;0;0;0
https://github.com/shenweichen/DeepCTR.git;DeepCTR;Python;6101;7;5;104;29;0;0;0
https://github.com/ymcui/Chinese-BERT-wwm.git;Chinese-BERT-wwm;Python;16484;2;1;91;0;0;0;0
https://github.com/minimaxir/textgenrnn.git;textgenrnn;Python;13700;16;3;174;12;0;0;0
https://github.com/zylo117/Yet-Another-EfficientDet-Pytorch.git;Yet-Another-EfficientDet-Pytorch;Python;8800;15;2;186;3;0;0;0
https://github.com/LonamiWebs/Telethon.git;Telethon;Python;6726;112;9;2563;40;0;0;0
https://github.com/OmkarPathak/pygorithm.git;pygorithm;Python;4579;27;2;431;3;0;0;0
https://github.com/ujjwalkarn/DataSciencePython.git;DataSciencePython;Python;83;7;1;112;0;0;0;0
https://github.com/twisted/twisted.git;twisted;Python;64759;128;1860;26511;6;0;0;0
https://github.com/YadiraF/PRNet.git;PRNet;Python;7700;4;1;69;0;0;0;0
https://github.com/Netflix/security_monkey.git;security_monkey;Python;14406;98;29;1654;18;0;0;0
https://github.com/dpkp/kafka-python.git;kafka-python;Python;5301;168;17;2142;34;0;0;0
https://github.com/spulec/moto.git;moto;Python;14950;353;15;5517;0;0;0;0
https://github.com/deepmind/learning-to-learn.git;learning-to-learn;Python;90;5;3;19;0;0;0;0
https://github.com/xonsh/xonsh.git;xonsh;Python;23166;212;43;9744;79;0;0;0
https://github.com/hhatto/autopep8.git;autopep8;Python;3579;33;5;2665;12;0;0;0
https://github.com/Kaggle/kaggle-api.git;kaggle-api;Python;412;31;2;136;0;0;0;0
https://github.com/MechanicalSoup/MechanicalSoup.git;MechanicalSoup;Python;581;33;8;554;9;0;0;0
https://github.com/zalando/patroni.git;patroni;Python;5420;97;11;1864;38;0;0;0
https://github.com/Tautulli/Tautulli.git;Tautulli;Python;88352;53;5;3726;167;0;0;0
https://github.com/yhat/ggpy.git;ggpy;Python;186091;13;3;256;0;0;0;0
https://github.com/openai/jukebox.git;jukebox;Python;2816;7;9;120;0;0;0;0
https://github.com/skorch-dev/skorch.git;skorch;Python;5649;35;15;915;8;0;0;0
https://github.com/sphinx-doc/sphinx.git;sphinx;Python;48463;405;5;15982;0;0;0;0
https://github.com/raspberrypi/documentation.git;documentation;Python;198659;364;9;3083;0;0;0;0
https://github.com/nficano/pytube.git;pytube;Python;7258;68;11;1254;3;0;0;0
https://github.com/felixonmars/dnsmasq-china-list.git;dnsmasq-china-list;Python;132842;49;1;113145;0;0;0;0
https://github.com/yuanxiaosc/DeepNude-an-Image-to-Image-technology.git;DeepNude-an-Image-to-Image-technology;Python;27033;1;1;44;0;0;0;0
https://github.com/schenkd/nginx-ui.git;nginx-ui;Python;1864;2;3;12;1;0;0;0
https://github.com/pavelgonchar/colornet.git;colornet;Python;157648;1;1;37;0;0;0;0
https://github.com/LazoCoder/Pokemon-Terminal.git;Pokemon-Terminal;Python;69324;15;2;441;3;0;0;0
https://github.com/chineseocr/chineseocr.git;chineseocr;Python;36633;4;2;82;0;0;0;0
https://github.com/CSAILVision/semantic-segmentation-pytorch.git;semantic-segmentation-pytorch;Python;5158;10;8;305;0;0;0;0
https://github.com/anishathalye/dotbot.git;dotbot;Python;241;26;1;215;0;0;0;0
https://github.com/bigchaindb/bigchaindb.git;bigchaindb;Python;10200;66;27;4359;51;0;0;0
https://github.com/taoufik07/responder.git;responder;Python;12299;76;9;973;3;0;0;0
https://github.com/nylas/sync-engine.git;sync-engine;Python;19606;53;49;4395;3;0;0;0
https://github.com/cookiecutter-flask/cookiecutter-flask.git;cookiecutter-flask;Python;2659;53;7;1102;0;0;0;0
https://github.com/STVIR/pysot.git;pysot;Python;6499;7;3;60;0;0;0;0
https://github.com/rkern/line_profiler.git;line_profiler;Python;162;12;2;102;0;0;0;0
https://github.com/dabeaz/curio.git;curio;Python;2583;44;2;918;0;0;0;0
https://github.com/endernewton/tf-faster-rcnn.git;tf-faster-rcnn;Python;2522;13;3;318;1;0;0;0
https://github.com/PyCQA/isort.git;isort;Python;12762;193;63;3284;90;0;0;0
https://github.com/tyiannak/pyAudioAnalysis.git;pyAudioAnalysis;Python;159740;19;2;667;0;0;0;0
https://github.com/r0oth3x49/udemy-dl.git;udemy-dl;Python;292;7;1;181;4;0;0;0
https://github.com/pallets/flask-sqlalchemy.git;flask-sqlalchemy;Python;835;87;2;586;10;0;0;0
https://github.com/MrGemy95/Tensorflow-Project-Template.git;Tensorflow-Project-Template;Python;115;7;3;100;0;0;0;0
https://github.com/miguelgrinberg/microblog.git;microblog;Python;94;1;4;24;0;1;0;0
https://github.com/gaubert/gmvault.git;gmvault;Python;7324;15;6;1095;0;0;0;0
https://github.com/kuangliu/pytorch-cifar.git;pytorch-cifar;Python;77;4;4;69;0;0;0;0
https://github.com/ranaroussi/yfinance.git;yfinance;Python;703;23;1;243;1;0;0;0
https://github.com/ClusterHQ/flocker.git;flocker;Python;60209;34;340;19142;0;1;0;0
https://github.com/santinic/pampy.git;pampy;Python;288;6;1;131;3;0;0;0
https://github.com/arielf/weight-loss.git;weight-loss;Python;1124;2;2;188;0;1;0;0
https://github.com/OUCMachineLearning/OUCML.git;OUCML;Python;1076970;6;3;327;0;0;0;0
https://github.com/UKPLab/sentence-transformers.git;sentence-transformers;Python;3899;26;2;453;17;0;0;0
https://github.com/python-attrs/attrs.git;attrs;Python;1595;85;3;784;10;0;0;0
https://github.com/chatopera/Synonyms.git;Synonyms;Python;143841;10;2;128;23;0;0;0
https://github.com/dbolya/yolact.git;yolact;Python;21708;8;5;563;0;1;0;0
https://github.com/pytransitions/transitions.git;transitions;Python;11233;51;3;828;22;0;0;0
https://github.com/kootenpv/whereami.git;whereami;Python;66;7;1;87;0;0;0;0
https://github.com/facebookresearch/pifuhd.git;pifuhd;Python;398;4;2;35;0;0;0;0
https://github.com/Kyubyong/transformer.git;transformer;Python;5578;7;2;37;0;0;0;0
https://github.com/Newmu/dcgan_code.git;dcgan_code;Python;66757;2;2;20;0;0;0;0
https://github.com/pypa/sampleproject.git;sampleproject;Python;121;44;1;177;0;0;0;0
https://github.com/ownthink/KnowledgeGraphData.git;KnowledgeGraphData;Python;837;2;1;12;0;0;0;0
https://github.com/healthchecks/healthchecks.git;healthchecks;Python;11435;50;5;1507;22;0;0;0
https://github.com/androguard/androguard.git;androguard;Python;87340;64;3;2094;17;0;0;0
https://github.com/cloud-custodian/cloud-custodian.git;cloud-custodian;Python;152177;275;4;3400;40;1;0;0
https://github.com/Kr1s77/Python-crawler-tutorial-starts-from-zero.git;Python-crawler-tutorial-starts-from-zero;Python;4889;4;1;65;0;0;0;0
https://github.com/gaussic/text-classification-cnn-rnn.git;text-classification-cnn-rnn;Python;717;3;1;59;0;0;0;0
https://github.com/MrMimic/data-scientist-roadmap.git;data-scientist-roadmap;Python;937;5;2;108;0;0;0;0
https://github.com/idealo/imagededup.git;imagededup;Python;21089;8;4;442;4;0;0;0
https://github.com/coleifer/huey.git;huey;Python;3362;48;14;883;38;0;0;0
https://github.com/xmendez/wfuzz.git;wfuzz;Python;7170;24;11;1059;30;0;0;0
https://github.com/lyst/lightfm.git;lightfm;Python;4833;30;3;394;7;0;0;0
https://github.com/miyakogi/pyppeteer.git;pyppeteer;Python;4541;22;4;788;0;0;0;0
https://github.com/andabi/deep-voice-conversion.git;deep-voice-conversion;Python;172486;4;5;106;0;0;0;0
https://github.com/PostHog/posthog.git;posthog;Python;9802;50;116;1669;0;0;0;0
https://github.com/cowrie/cowrie.git;cowrie;Python;9010;102;5;2378;15;1;0;0
https://github.com/Blizzard/s2client-proto.git;s2client-proto;Python;312;20;5;185;2;0;0;0
https://github.com/Shawn-Shan/fawkes.git;fawkes;Python;416;3;1;111;1;1;0;0
https://github.com/MongoEngine/mongoengine.git;mongoengine;Python;8073;270;50;3710;30;0;0;0
https://github.com/msracver/Deformable-ConvNets.git;Deformable-ConvNets;Python;9430;10;1;92;0;0;0;0
https://github.com/jmcarp/robobrowser.git;robobrowser;Python;576;9;2;103;0;0;0;0
https://github.com/tiangolo/full-stack-fastapi-postgresql.git;full-stack-fastapi-postgresql;Python;831;16;2;113;6;0;0;0
https://github.com/jpadilla/pyjwt.git;pyjwt;Python;691;74;19;581;24;0;0;0
https://github.com/python-trio/trio.git;trio;Python;5395;97;9;3642;0;0;0;0
https://github.com/eternnoir/pyTelegramBotAPI.git;pyTelegramBotAPI;Python;2063;128;19;1156;28;0;0;0
https://github.com/optuna/optuna.git;optuna;Python;9676;98;7;7777;32;0;0;0
https://github.com/Guake/guake.git;guake;Python;7491;197;27;2163;54;0;0;0
https://github.com/s3tools/s3cmd.git;s3cmd;Python;4936;138;11;1766;7;0;0;0
https://github.com/guardicore/monkey.git;monkey;Python;29541;28;28;3822;10;0;0;0
https://github.com/yzhao062/anomaly-detection-resources.git;anomaly-detection-resources;Python;408;6;1;212;0;0;0;0
https://github.com/nl8590687/ASRT_SpeechRecognition.git;ASRT_SpeechRecognition;Python;7634;8;1;182;8;0;0;0
https://github.com/awentzonline/image-analogies.git;image-analogies;Python;4451;5;5;125;1;0;0;0
https://github.com/QingdaoU/OnlineJudge.git;OnlineJudge;Python;22815;14;16;1889;6;0;0;0
https://github.com/buriburisuri/speech-to-text-wavenet.git;speech-to-text-wavenet;Python;253;4;2;27;0;0;0;0
https://github.com/theskumar/python-dotenv.git;python-dotenv;Python;41317;61;6;263;0;1;0;0
https://github.com/Nuitka/Nuitka.git;Nuitka;Python;34958;75;6;6937;0;0;0;0
https://github.com/corna/me_cleaner.git;me_cleaner;Python;124;6;2;89;1;0;0;0
https://github.com/espressif/esptool.git;esptool;Python;9526;53;6;613;20;0;0;0
https://github.com/zzzeek/sqlalchemy.git;sqlalchemy;Python;76743;375;20;13277;0;0;0;0
https://github.com/NTMC-Community/MatchZoo.git;MatchZoo;Python;42050;27;3;1808;2;0;0;0
https://github.com/tensorflow/skflow.git;skflow;Python;778;23;3;548;1;0;0;0
https://github.com/madmaze/pytesseract.git;pytesseract;Python;625;32;1;318;19;0;0;0
https://github.com/facebookarchive/python-instagram.git;python-instagram;Python;342;42;3;233;0;1;0;0
https://github.com/omab/python-social-auth.git;python-social-auth;Python;2862;237;2;1973;0;1;0;0
https://github.com/ckan/ckan.git;ckan;Python;166523;242;192;21390;0;1;0;0
https://github.com/tiangolo/typer.git;typer;Python;561;8;1;257;17;1;0;0
https://github.com/wzhe06/Ad-papers.git;Ad-papers;Python;199689;4;1;109;0;1;0;0
https://github.com/django-guardian/django-guardian.git;django-guardian;Python;1748;132;8;1041;0;1;0;0
https://github.com/vyperlang/vyper.git;vyper;Python;7335;135;2;4323;10;1;0;0
https://github.com/TuSimple/simpledet.git;simpledet;Python;1406;15;1;135;0;1;0;0
https://github.com/pybrain/pybrain.git;pybrain;Python;13611;33;2;992;1;1;0;0
https://github.com/voila-dashboards/voila.git;voila;Python;15124;40;4;766;0;1;0;0
https://github.com/kangvcar/InfoSpider.git;InfoSpider;Python;23913;9;1;181;1;1;0;0
https://github.com/RomelTorres/alpha_vantage.git;alpha_vantage;Python;1041;31;2;472;4;1;0;0
